NDVI_mean,NDWI_mean,MSI_mean,SAVI_mean,EVI_mean,NDVI_min,NDVI_max,NDVI_std,NDWI_std,MSI_min,MSI_max,MSI_std,precipitation_total_30j,precipitation_total_7j,precipitation_mean,max_consecutive_dry_days,rainy_days_count,temperature_mean,temperature_max,temperature_min,humidity_mean,humidity_min,day_of_year_sin,day_of_year_cos,stress_class
0.2209691852908266,0.13545412501253895,1.6445797102395847,0.1890911985464914,0.1891180547045483,0.08651724381507714,0.41235959036353864,0.04571850589098313,0.06648371930271321,1.5049063231532693,1.8474285544835471,0.14918500748927987,8.46292187698118,1.7897937826261412,0.2820973958993727,19.37226205263805,3.0738491523295286,39.05882444681721,48.4312488709778,32.3590454243232,33.57458738554671,23.228850928365098,0.8660254037844387,-0.4999999999999998,2
0.7946384285364503,0.4531332038221147,0.8477616142481003,0.7033253004997474,0.6006345419181071,0.6893594769778861,0.8697813109796979,0.038598178245120136,0.05408667071122972,0.6410032573510208,1.0550172541249068,0.05722142539675302,102.69224101929144,35.555005868840276,3.423074700643048,1.4361949582704088,17.64874536438487,26.532795515772616,32.74537913195036,22.108486318289444,69.5760390242423,62.06568354069059,-0.5933267643772321,-0.8049617075821958,0
0.19732143196571278,-0.0928572705689974,1.962687831687827,0.20070916910435804,0.11653533328723889,0.11700895721452423,0.31452075016604303,0.07783373345740544,0.028550823639124846,1.909726059461302,2.1320139381592553,0.07365554318892378,14.740200730836511,3.669124193763907,0.49134002436121704,19.755014546014557,16.608757118174218,33.53134800604404,40.26658371390021,26.744751486009555,21.485017477039413,6.6574353293706245,-0.017166329754707124,-0.9998526477050269,2
0.6226165814534501,0.6143787768100186,0.5404815947961152,0.56214653693321,0.4675509358209073,0.4628781531901503,0.6734803805281684,0.09378702279686787,0.09742880278760244,0.32995293283697313,0.6620412478612037,0.15533881490474966,99.6351579347464,23.30362711488186,3.3211719311582133,4.18506664181836,11.817916904470115,22.68157793316721,31.546936557129833,15.514455071674785,67.38728290515496,57.057486678046644,-0.32042327339191096,-0.947274472298717,0
0.8222699421778279,0.642808346643554,0.4363815031820968,0.7040217932769903,0.6167182953990689,0.7133959087168251,0.945596929216366,0.037709242463678745,0.032003893175518744,0.27038474569647053,0.6019001763583283,0.18387849349322694,54.160838742139745,14.995659702690633,1.8053612914046582,0.28921338281698183,15.21371710448335,22.73665398972726,28.834472593430476,15.89771984877232,59.29198214620759,48.96811223305244,-0.9770638564833509,0.21294651993841537,0
0.17903370116862444,-0.007223477225115266,2.4214193348763278,0.14307584196018913,0.11745507493385032,0.04834577221923797,0.28679130304916695,0.09493402558185052,0.06811285776028891,2.216967501945688,2.4833218233891228,0.05966076740225648,6.701547517023782,1.642710956926135,0.22338491723412607,22.097589774464346,15.571558733403407,36.479436402077035,39.94981939734365,28.542451033801846,19.08477241139729,12.627302181907806,0.989372413019683,0.14540367380368976,2
0.25315315977204295,-0.026832138560143964,2.4595942050277406,0.2527660698157537,0.19737566434130663,0.1769468709647251,0.3462861782351817,0.04004240818199173,0.07747578250419329,2.381762202846148,2.5201226275531727,0.19293654703452645,6.1194390330858965,1.2332591436910414,0.20398130110286322,20.34549956632585,16.371331918205176,40.20276859768654,48.77972927048455,31.37507015613987,20.065056339314324,12.301314221897822,0.4623829729035151,-0.8866803180227399,2
0.6183805487625825,0.40915007498171485,0.40567682238370956,0.609429360826665,0.4750776973548624,0.5552005738908575,0.7987162964343903,0.08020050756330224,0.07274831377646261,0.3379567364477861,0.5437415060573794,0.12087400325097705,69.63776822331056,23.237098635877388,2.3212589407770188,4.443740399344886,14.458338623999476,23.69604642915306,27.189490048655074,14.472150961572991,65.46926312230183,45.86852383482951,-0.9837979515735163,-0.1792807588107359,0
0.5723651931039313,0.45857289633941334,0.4515619344179663,0.4814599099491192,0.40460129685648244,0.3882503125520611,0.6869983216532022,0.10024729637194756,0.08511762156048151,0.29054494455750907,0.5140165555943434,0.09518978911400006,71.37952360797858,24.42074771661789,2.379317453599286,2.106785011385351,15.143552807494958,25.3215777655696,30.060211588158204,19.05740947258841,55.3250480877684,43.503582949478485,-0.5366961939916011,0.8437755598231853,0
0.22454346517872625,-0.07386802803107645,1.8812299527748766,0.21647431289256597,0.1568088054369031,0.1000836269271636,0.28002152208593234,0.09837491958128328,0.08673081907283074,1.67407940799753,1.9525035860519253,0.12178755986491605,0.28391460767195176,0.06619379635249842,0.009463820255731725,22.838592303927143,9.799356117926942,36.15493396695914,46.135524399363064,32.13771877260276,30.87264828511162,15.853052372778848,-0.4623829729035149,-0.88668031802274,2
0.7624217733388137,0.45230992870149744,0.6367358853902829,0.6664360054619086,0.587208892607029,0.5652438466347001,0.9144560097035074,0.06071230448635407,0.08539597667929533,0.4554401639239824,0.7361316452046829,0.06893971123467542,105.80297943385352,20.700043209038416,3.5267659811284506,3.293916833553587,14.129061676721227,24.196091116562037,33.856053662481,14.96010237168001,70.80660719798826,52.33781939362327,0.9387101892619443,-0.3447073839879337,0
0.3734439765435977,0.3748150897311724,1.2210914002082103,0.33671567283904663,0.28154515702856125,0.21158632661287957,0.45237456184703984,0.049364005946164996,0.024456546889219617,1.1179798806057275,1.4218354355206362,0.10150666843618589,33.41043588220475,9.921307859726783,1.1136811960734918,6.7159636706519,3.4951043448147896,33.77397637240973,37.22548168321566,25.720094343748215,40.91495125190041,31.27094007561791,-0.9552106508146316,-0.29592670134728966,1
0.18857517646198813,0.11254298630126189,1.5809497020223562,0.18364444176976685,0.11905860720046696,0.06401178005936854,0.31928530907221153,0.03566033602072381,0.04807376759725436,1.4859685079119918,1.708112206374214,0.07288613364535682,1.4256036097742912,0.30881013341139835,0.047520120325809705,18.993685490910053,16.007603734425295,36.09225480191796,43.28608559565872,30.93228931879554,21.397591533355268,4.945060262549774,0.17082974322534417,0.985300562686109,2
0.6432946965146987,0.48833466762087574,0.5466053858490323,0.5771979676791221,0.5079979612510632,0.5736079648623406,0.7337571382422472,0.08463846324799026,0.05329231985438092,0.4354845427509893,0.6443646281253401,0.13742102526252348,79.40944751942956,26.899181549726315,2.6469815839809856,3.9317250720777603,19.100541340844824,27.251776887716375,31.653751012789755,21.217471258426933,68.8011795212995,56.973599645294655,0.9444892287836613,0.32854238191083485,0
0.23045010538746402,-0.041738842933281894,1.5547870479235488,0.20876537304823845,0.14956092568175428,0.16857214402117016,0.4270638616408773,0.06046739712541521,0.08861283176338053,1.4370583936339762,1.6239884372247793,0.15310585504042,10.616759675437239,2.6122622138553613,0.35389198918124126,19.131868652072555,4.365726731681288,36.33463699733124,40.0607481491287,29.857570214643992,15.090089619605774,3.97021736756197,-0.9128458599921354,-0.40830434224389367,2
0.17392269255717846,0.003024142177028649,2.305857705334062,0.1453279419201287,0.14821530084460677,0.10803533911286242,0.33611124025389105,0.09614846744669059,0.08832130669350292,2.09441931125363,2.430906987052872,0.11689209579808608,10.037754782987145,2.317930144802994,0.3345918260995715,29.328641524310157,5.4983269003647965,41.31025992975068,48.03302450542631,36.515409822429845,28.356124399732337,11.776657884484084,0.9732643737003824,-0.22968774213179563,2
0.24241054097091363,0.04490811455045454,1.6183622278512981,0.23291187275760739,0.1747960639815209,0.11384676648798614,0.38360419637345505,0.07568730503907126,0.05847841968370625,1.4590263278735407,1.814247446647841,0.06717592947034721,4.0800386059648455,1.017374038864397,0.13600128686549484,26.90764939301792,13.598448272799905,37.23541593857082,44.89876666043583,33.0863817546578,30.25142225583106,12.865045391576537,0.8391377545563939,-0.5439189543287246,2
0.7322634555704315,0.6177867036610718,0.6291264452457583,0.6564663597846098,0.5492337559386903,0.630380997027488,0.8237876251556893,0.0737284583267693,0.033987090180833006,0.42811805949650267,0.8664909376523767,0.16826710148799484,44.51003973207417,13.89713620528484,1.483667991069139,4.310213254946567,6.812989215845766,20.91869459791363,29.074441196257176,14.41790533337724,74.38819041737526,69.05180207994442,0.22132528438243257,0.9752000402445825,0
0.3191099652598619,0.1718978243514866,1.4347200438381615,0.28559692003439935,0.24121225493253284,0.2154157860799472,0.3979032811092208,0.03515130241651284,0.05553471583372034,1.1857650529233803,1.6659402295742467,0.13511648120348446,28.100025886361042,5.870676139321167,0.936667529545368,13.364209229856396,10.966230772065668,30.205073550283974,33.23926481242574,21.399071457246116,47.76701154840863,41.15579666686531,-0.8906165093267404,-0.45475513555610575,1
0.23355695029652085,0.12173552772071683,2.436240387807203,0.2063447033503742,0.18066723910228305,0.060066652329305,0.4105222267426169,0.06298112286778722,0.08397427309228811,2.2241370904899287,2.5001421420969203,0.12013157745406487,10.922750357827233,1.8493319086044673,0.36409167859424113,21.299080280223574,8.395019421204363,33.13462191706574,36.761917985033,29.86430567777999,27.096035236879278,13.744504438416918,0.9970175264485267,0.07717546212664653,2
0.1903694859341692,0.03068266951421364,2.3424569861184135,0.1854621154208199,0.13500757852260017,0.03738334212295155,0.2619946583068766,0.10153179793386988,0.09873925734413193,2.175277465447862,2.465131627818033,0.09786124584810894,5.982322903860861,1.3284599145306168,0.19941076346202868,22.250881000231896,9.607152026239731,34.94714846856469,44.410841144499756,31.93185980702579,16.961156971249153,8.319134473855025,0.6070575744291006,-0.7946578517376249,2
0.09648341021859615,-0.027102967959710678,1.7284715759170237,0.08391847649867772,0.14635594884128347,-0.016005423949033662,0.2845242655389573,0.04015723484493274,0.08654065126417976,1.6425498281515631,1.8713740260178393,0.16507689926054925,7.831897401482653,2.4484757313260315,0.26106324671608844,18.95260730281285,10.36044829898391,32.01812033869252,37.93955578082151,22.796895505431024,23.726028476660353,13.86949384164086,-0.25467112024122895,0.9670277247913203,2
0.3206835099059177,0.16920186026732031,0.9764914080841477,0.3105782194700607,0.2844799239603796,0.15199086603141515,0.45537948859034805,0.03677712902386228,0.07417159733373355,0.7298784681611836,1.1626035413119153,0.08101965140662162,11.142589017979578,3.3366173898083296,0.3714196339326526,6.370209100363207,3.2999677230362994,28.116730694428874,33.92549877685497,24.969326209534636,40.348305569442154,20.626591638005216,-0.15389057670406148,-0.9880878960910772,1
0.11575645893569601,0.004476870948852352,1.8266890225317485,0.10169174465946931,0.08228875564937387,-0.07818746413276369,0.3008563715519903,0.03548210041843744,0.04340871152317165,1.718412145327602,1.992696720111933,0.1679439338894417,5.829484355982585,1.441569235972127,0.19431614519941948,16.00023450544537,9.255746312175372,34.713881882367644,42.075913453719345,26.361550744272314,22.339962945364416,14.850046035237536,-0.5794210982045647,0.8150283375168107,2
0.7813811040057838,0.6744593170661346,0.8526909882096319,0.6870509232067724,0.5662923333320802,0.5861520898185755,0.9309517831490546,0.08279476168579267,0.0559827719057058,0.650492836204013,0.935632258896091,0.150170702483961,108.98909669973962,25.873921873000683,3.6329698899913208,0.21046594818180941,6.3190902502603645,23.70143828535685,31.411539965543408,17.97560371250472,75.43608904346102,59.97905195508389,0.7787639308347607,-0.6273170968742938,0
0.07377341192768237,0.02088051684124287,2.086646327774925,0.06490929185536051,0.04657765790747874,-0.04807217229033835,0.2292155442202184,0.09118298024411972,0.06455400819121652,2.000996298983332,2.253424292449335,0.14003795494002577,4.64593832626995,1.0360044660675929,0.154864610875665,15.270568642569668,3.713498557903139,33.967587776716556,40.11240702023243,30.41368275039377,17.1079386965828,0.004448477787462934,0.2877167672261668,-0.9577155432887804,2
0.13442978614055429,0.08490542116324873,1.7500824689139418,0.14380721305128447,0.11482986270912773,-0.03417564942136281,0.2525639597115847,0.06312770738995929,0.08627556308435085,1.6900753016269905,1.8312175114667895,0.08101407861046425,3.0929561888280337,0.8253666186263703,0.10309853962760113,16.61688371048312,5.618277531364226,35.34818344713451,40.143022598192495,28.891331862571047,21.960539263774386,3.3723929323313797,-0.998195433059714,-0.06004895851494849,2
0.4089111976141275,0.22942367438679054,1.271263246224603,0.3403999317036548,0.28061964579581045,0.21896770378489333,0.48647889738031264,0.08763426719798169,0.022591131022079606,1.167834432250473,1.497012550959989,0.11602704930457898,24.224928888159592,5.721869446579863,0.8074976296053198,11.73546578131391,14.438040105487431,29.359140083322576,33.32712229715581,20.18349451617722,35.292179942177654,28.71571668897308,0.898291751554753,-0.43939950965914143,1
0.7409231233791341,0.6107452251961327,0.45056133806139514,0.7114568139650734,0.5918088756494151,0.622640101016864,0.9211108675571374,0.08205482253057682,0.08754856661916928,0.3043667600841704,0.6052272643003433,0.11518939412880677,43.26948930131831,9.580118871031173,1.4423163100439436,0.9321913107212726,19.439599679354487,24.55911747897053,29.297802740172983,21.52192314929211,75.87325591998248,57.05364323678785,-0.8391377545563939,0.5439189543287245,0
0.09054268178429702,0.0802898170534693,2.218990756853233,0.0921284291316418,0.06345682910449524,-0.052744481408284735,0.15001676100891792,0.09512484939821562,0.06482815792159695,1.9936222504768817,2.392036397413274,0.15060546112188408,6.118239152954747,0.9473974133089219,0.20394130509849157,27.64954449228242,19.94937067754885,39.451448098278206,42.789351306984074,34.96618542031009,17.405019731414693,2.3650520508736097,-0.4775358864374881,-0.8786122450571483,2
0.11792687971352324,0.11045634109131564,1.9052151232992787,0.13160003305951273,0.08700985270464984,0.058385530287048126,0.28766782919546907,0.07789194656241172,0.06974596516723326,1.678373652933415,1.9675434999866435,0.13807686922035453,4.385865357716106,1.4670154818624406,0.1461955119238702,24.130844132673246,11.156113082300422,32.195026476105205,38.56814016372014,25.704591931023252,26.325922874481748,19.725214974575216,-0.5074150932938463,0.8617017599480677,2
0.06899837657895795,0.13977807299907347,2.2383512771211946,0.039084867295226644,0.043518205884327116,0.004762190114046244,0.18135027085338826,0.048074587515742874,0.06164564354393387,2.0133093162315894,2.414890485401897,0.06069844841192216,13.228549271451891,2.652505516512284,0.44095164238172974,15.1551839470905,15.730066881267787,32.10672287848834,39.30799648868862,22.57477179964481,22.014745968086174,13.530760081123296,-0.5653446739747432,0.8248547748594242,2
0.1301217244138868,-0.06360812254169107,1.7034130021983152,0.10849276679568073,0.06695796964087347,-0.041380942293052725,0.20215806076732584,0.09105773265423411,0.04879060782036439,1.5547068361517908,1.8721877557318876,0.06402019053566654,14.728579834304142,4.287137752412246,0.4909526611434714,19.6327091217243,5.426271517465148,37.67128707532373,41.18264951299835,27.693344860307793,19.15541258879457,11.527377144933968,0.9770638564833508,0.21294651993841582,2
0.5305918711675257,0.3842772362299193,0.9753393471823508,0.46666322887418243,0.3970916675068494,0.4526976450339131,0.6116409113542844,0.11872232935052744,0.05143274684839147,0.9199231204483406,1.187178307913699,0.10171546503498113,12.629495085839597,3.784063634130699,0.4209831695279866,8.042418638271958,17.035258223419255,34.33877186550231,42.86859336561972,25.730623395276197,39.8515653214765,31.529801950877825,-0.9970175264485267,-0.07717546212664643,1
0.7695981825434215,0.4122325424664292,0.4230013210108764,0.7248827768541878,0.5540123068728579,0.6954841981361752,0.9029027151840662,0.0857541311408653,0.09355135785715339,0.21325848267996145,0.6232763382166855,0.14767213773225113,95.85293712157961,31.603875196202125,3.1950979040526537,4.751186769104012,11.617647445351189,21.967661827076064,26.847398119549315,13.936484502101353,58.521425509494996,53.01627945137804,0.9970175264485267,-0.07717546212664618,0
0.05337931792493002,-0.018847800475763843,2.120818803505892,0.053248879502626245,0.01958655406607515,-0.05537202155540234,0.15980952991920977,0.10417619996628226,0.03953869602912628,1.9881781273865202,2.2198797469177083,0.14061734374714244,8.564873569889677,1.77268238494082,0.2854957856629892,29.995614567327465,12.944859727932617,36.544223191595414,46.15948544914065,30.763772061447135,28.903929194064226,18.49271301823609,0.4925480679538644,-0.8702852410301553,2
0.06377740998516669,0.10260914640390631,2.366691348399395,0.06710000348318657,0.056908408769317236,-0.118132139010716,0.18734437897331302,0.0980212118596772,0.054624124898105406,2.1213909536701925,2.611124673147533,0.11063300658398244,4.862027607491945,0.7423566579012081,0.16206758691639817,17.87754171901516,13.58464246515263,34.475645081417845,38.36158003696516,30.577707674179884,24.602524580284182,13.433696761629246,0.9128458599921356,0.40830434224389334,2
0.7816734307889972,0.48423170873225674,0.6526261862239287,0.7228031203720466,0.5862612850392939,0.6997077251852347,0.9242451787796018,0.10403528866623105,0.04450028966292893,0.47942909617189283,0.8639069096704965,0.09458567115629259,112.33269555949987,38.225239380646656,3.7444231853166623,1.1938857288415117,18.65690685864179,22.87064387298802,27.766288169246828,17.1558612435695,60.19715637865068,45.03418217039541,-0.06861473800213432,-0.9976432316860063,0
0.43575535771669105,0.32752869158431985,1.1606168988847307,0.39515154652668316,0.31761241285406044,0.28709055022580104,0.5039675935424369,0.0515113081199349,0.022315545339469365,1.0057776446720692,1.302177885396572,0.07668260881017495,34.97251550230758,12.236658610157827,1.165750516743586,13.950566039998332,13.29255625019082,34.184953098591336,39.37394616458154,30.678227310741164,49.29799068182628,33.43815321829091,0.6855476064742155,-0.7280278011569847,1
0.6570259980080768,0.5893415877991788,0.8653786628017823,0.606916608852656,0.43969722135938405,0.511247105858464,0.7180505101075787,0.06699256228260342,0.028083664880851737,0.6170166725319096,1.049183130267604,0.13110477149673655,57.03713292071286,18.17944154351465,1.9012377640237619,3.1375273160918504,11.65113944504795,26.362138494879122,30.001878899201557,17.821231076739533,64.92958824046137,50.18695429484966,-0.8199717629247775,0.5724039727378144,0
0.16726001166649074,0.13784909312110388,2.0798342382810904,0.1721693224753023,0.09735356319223079,0.07316580520494598,0.33135921297003174,0.10476206446782126,0.07981947407420885,1.9494663011431062,2.2966593249305394,0.12661089942593257,4.384545698322563,1.0185858878831984,0.14615152327741876,20.161132400555335,13.428573033655834,34.82498726620965,42.034676825590765,30.011712795366044,29.608275057635854,12.65842403276871,0.13690605792347524,0.990584035457797,2
0.7183831592708488,0.42915294813123056,0.6747644411618678,0.6539376871877258,0.5665738315203844,0.6038372750359294,0.8444683805741078,0.06638868912938628,0.03929611660796332,0.542240072992143,0.8243269427687259,0.1864440229154889,91.26997958425717,25.384283882412994,3.0423326528085726,1.1583585069172169,3.1941057187192516,24.267688735810573,31.036012338600568,18.018019097636,74.99638139868289,57.95421737631538,0.9648061359537645,0.2629622026565149,0
0.24809769383970343,-0.019434901545128835,1.9111489323401387,0.2307874493849937,0.20000904805010755,0.06243747836216057,0.4469339810688718,0.09934333078071268,0.07375551086789202,1.815467140026651,2.0119844752012703,0.08846660261947822,1.3851875841814838,0.46437255033666763,0.04617291947271613,21.78132765508459,19.98920384727554,41.82390554517566,48.77052928295717,32.1857398821631,15.248511875878645,9.407309336923582,-0.5794210982045647,0.8150283375168107,2
0.3914714523892201,0.1610100948471161,0.9666822883992074,0.3603600820660524,0.3138653113507048,0.26525019458944094,0.5191830271688542,0.04086719723070121,0.06273117569085578,0.8558575185056002,1.060228068335794,0.11745154657755802,32.15517635531556,5.706279301669001,1.071839211843852,6.322879476510383,7.878775591016235,28.10197008325895,32.321444808758685,19.41671297220969,47.84173014704798,33.98981905814985,-0.6206094818274228,-0.7841198065767104,1
0.8346656611759999,0.6339626637572872,0.5930513189003872,0.7530559930812223,0.6541263500107967,0.6539351402531435,0.91626498952685,0.05765609684336579,0.03170991937297993,0.39735318346806453,0.6950828770927975,0.1860792546058745,119.97741386289044,34.17269397244214,3.999247128763015,4.144577370753387,17.42323144453892,24.649905771380897,31.76300686914671,17.229973322852263,66.0190686734557,52.52635830507964,0.6339784927628866,0.7733506777097299,0
0.5722133955202271,0.5110476100766334,0.4456433383930668,0.5234732768574862,0.4200482657768704,0.49438456816475895,0.6934080268826992,0.045121278697037706,0.03556980094566121,0.38858106740501897,0.5616863513673663,0.13898323551610767,115.96164989261138,31.160308559556846,3.8653883297537126,0.08936967366706905,8.870813188163094,22.411022993313136,25.979067243066808,15.618696243440192,63.5454337924469,48.81584944091467,-0.7998392447397191,-0.6002142805483686,0
0.6623620356542088,0.49623401949152074,0.40719674431487796,0.5864646110551192,0.530494908340237,0.5620942075153376,0.8111682019793403,0.08431037340432401,0.06804754666884938,0.3488064996285507,0.5792417742104062,0.11755264683581192,117.95158461329332,37.67517105331352,3.931719487109777,4.586567877311214,4.1731290744178775,20.81425978096323,25.251590351910828,16.65726834996253,60.61512057349955,55.147884181598684,0.1877185654371987,0.9822228566828407,0
0.8409729556485983,0.5160206038901612,0.6169258246189866,0.7584126977429139,0.6462150653498975,0.7520024184889743,0.8955708309794692,0.06589405028072104,0.09023794563560557,0.4992723234200869,0.7168350645888878,0.09876560231475486,98.0575606710688,24.202117427176578,3.2685853557022932,4.2459782578265965,17.89001241978997,27.859028935268853,31.503497837846183,22.379129644748343,71.58843430041776,61.70907502499154,-0.3846650997070013,0.923056206884176,0
0.25439133238614925,0.09663147177589781,1.8387499042145072,0.21616412217081493,0.23899570938875672,0.14894486474277102,0.34617652536699817,0.04936085373414368,0.02334572990291723,1.6236856472461405,2.0472854017734328,0.07477594992776718,14.973336759135758,2.5027963864187157,0.4991112253045253,15.795688217955425,3.978721710147551,41.6230074911224,44.9249020086542,33.41110949139035,32.71403827080955,24.769730268663412,-0.051478754770346045,-0.9986740898848305,2
0.6376433945605655,0.558895173506802,0.43528437370021494,0.5929417877827738,0.4733405370021112,0.5722669353619636,0.8176981189789327,0.08827272427391428,0.07127776618762656,0.20789939365836102,0.5917685101552583,0.09579660150450969,87.5304572281708,19.53120920319711,2.9176819076056932,4.577441487940209,19.542328770529657,24.5729015157592,29.763253275254737,17.25879811427913,60.24763982738965,44.02488114665695,-0.998195433059714,0.06004895851494813,0
0.5516566351370807,0.5936416887721503,0.5600248005153059,0.47180399418577423,0.40390563485742303,0.40390661133069794,0.6267129213222232,0.09007949093623234,0.06216331711293213,0.438947886778158,0.6204161160261595,0.16147897980974052,81.11915913278486,23.714744977466896,2.7039719710928285,1.7731107882038826,15.392678048148879,23.139560859381085,26.577244929581006,13.827142659557484,59.53588587724494,40.41050607737448,0.8826787983255476,-0.4699767430273197,0
0.5141233506906434,0.2097856363586308,1.1023865724907367,0.4685014198079061,0.40533060180057484,0.35822991520364234,0.5819893310721509,0.0662728180154463,0.09538971515747317,0.9927955862273636,1.194370181640347,0.05432017708197781,27.76904113186287,8.593611880187822,0.925634704395429,11.951874662100657,10.439987145179234,34.54764712914982,38.34693359080975,26.841359459194333,42.23294189682089,30.331980145607464,-0.9955457941960382,0.09427922177542405,1
0.6166323431412191,0.46474630824905294,0.6916843825485799,0.5471361374786613,0.4816260151241658,0.4632125977706292,0.7654651636761176,0.0921004401738599,0.07899470149771885,0.5574347718897654,0.8252365784035998,0.07941465691075894,60.19495554752166,13.346166242485937,2.006498518250722,2.0422660653534934,8.678849416369076,26.97699127155321,32.00130339562486,22.561212007881466,70.07880273665971,52.82419412758216,-0.10282099713736044,-0.9946998756145891,0
0.27196823296283257,-0.0064235016484188445,2.4825789229922046,0.23710843809203241,0.19821235060364017,0.14881040271552715,0.3275260320168565,0.11679450769056339,0.05944613678300592,2.3036444657777477,2.535434319329371,0.117422414315162,14.661344215706217,3.439129336670426,0.4887114738568739,20.00722367563856,14.096915851594131,40.073456212003684,48.85994883799806,35.50098477699992,31.313310816292674,19.408252342251647,0.8744809578310397,0.4850598461951962,2
0.3830513927368304,0.2595441791665888,1.2938315156308604,0.34229755720707916,0.32304459974188277,0.2533849682862013,0.5374802602819939,0.08656519532125835,0.027758301001287632,1.0908762672058425,1.385452722550135,0.14965090499085237,12.775013138168914,2.378386855904082,0.42583377127229716,10.275636489994199,18.454063229244433,33.7372668714606,40.95005131189193,28.764725338895737,47.232928387799845,41.585374024855724,-0.9057022630804714,-0.42391439070986087,1
0.8265622705069351,0.5704925810006415,0.48871977188986143,0.7106562036955281,0.5907153168890673,0.6744873751957281,0.9152822854121042,0.086983623803462,0.09958930537358138,0.2640551887176999,0.6802867913358152,0.1944215535611039,84.87503772283091,20.534070301481844,2.8291679240943637,2.64468567013606,3.721179069517159,25.846939801629155,31.887763034675423,22.77708836502001,59.46361655135834,45.510838398041955,-0.017166329754707492,0.9998526477050269,0
0.5654436253749968,0.6507940361536617,0.7146993190676313,0.5300203990188183,0.424756695815609,0.5034263984172955,0.7366205166661857,0.07688621795448379,0.03392874682672675,0.6049542043498767,0.9285120218399625,0.06306391501936573,87.48739628432389,22.164028720200726,2.9162465428107964,1.3351413508471066,15.76597657217641,20.997301449626136,24.715277187711266,11.423822093474094,67.4091561800309,58.233628955091056,0.9387101892619443,-0.3447073839879337,0
0.6795835055926347,0.47738248831454666,0.6515681292900439,0.609653392387686,0.5202310754207236,0.48513470501378547,0.7814737544746791,0.11599713263594412,0.033881961198920695,0.4129529617411024,0.7082908493267005,0.09189141326816158,70.11706935024397,24.41936184709865,2.3372356450081324,3.5278758625784423,3.0001977908412245,21.367100699120527,26.123352018958244,15.629870615228736,67.55487525828107,61.54603654877055,0.03432760051324382,-0.9994106342455052,0
0.38760331250254937,0.15728879650552224,1.3570055257281974,0.3286681403443631,0.2706839423132236,0.2342817369640513,0.5437172537768392,0.11590984581757499,0.030666145307406013,1.1071956261074685,1.4074702069545835,0.07182759505811374,18.467874112387985,5.406108451217192,0.6155958037462662,13.691748574030873,16.916084916342832,29.70913126101307,33.05818329647232,21.408807423239285,36.347537430438514,26.65642068761251,-0.5653446739747425,-0.8248547748594246,1
0.6575397185632819,0.40463698495866024,0.5596568187952075,0.5823089597655354,0.45277866121826493,0.4772462433699402,0.8341652859086615,0.09631863704497638,0.049420748070183165,0.36051006224896104,0.7610071199329345,0.18384537472094786,51.76587847432303,8.521508022869286,1.7255292824774344,4.938611948680157,8.705377722587325,25.98087504141001,35.64131001264752,16.204414357054695,61.48558583578231,52.35626263400441,-0.8826787983255475,-0.4699767430273199,0
0.2904005063937197,-0.05688840275653523,2.412787385386525,0.26605050069488534,0.15411359568459676,0.14947016835216992,0.4034113506815444,0.10853166173678801,0.08745423365222724,2.3400926578610375,2.534284006084902,0.1284472272658749,12.048951009406924,3.5400621460529673,0.40163170031356416,22.33701047573861,18.8280035250824,41.90986169496685,47.054273721381875,33.26537472941172,24.7940806371571,5.556523060542645,-0.7221165966101161,-0.691771364614222,2
0.5374749170615191,0.1995238791800724,1.2736393693757,0.47168809306792464,0.3479608028140055,0.4549880392174329,0.6449073891541466,0.09541892155257944,0.06179974471124708,1.1440473000995486,1.421487141661255,0.19433193651739172,10.005595845119894,2.5500560504860252,0.33351986150399643,8.207245244599576,8.19785416771037,32.32270380543618,41.29331322912623,26.133324497949776,39.131620324435616,26.638123373796624,0.7454378568683001,0.6665751282095632,1
0.508647738148818,0.2329995735594413,1.4366426331891042,0.4513914931681195,0.3922581525319082,0.38479339262087414,0.6190036957571882,0.05918959912232699,0.02420595182488025,1.2080198849246098,1.6439437758947286,0.12539451734318802,14.474224778192124,4.722679971102366,0.4824741592730708,13.784158630449618,16.37191900413561,32.895376263768505,39.234713840023986,26.00399214424826,51.411042785114375,31.891495833565042,0.287716767226167,0.9577155432887803,1
0.2928790892010348,0.09121970752211717,2.3385492070247933,0.2789273479888017,0.2193148398121729,0.22061883472810245,0.3706908618751109,0.1123011885792847,0.03338411039945201,2.2072241035147964,2.4437664247226456,0.11935334014019938,0.9367129679626118,0.2368908957017718,0.031223765598753728,28.843951171509097,8.042554651176609,38.5935030309925,46.35450293137424,31.072970526426992,17.49839621481267,6.185745389012645,-0.9732643737003823,-0.2296877421317963,2
0.5847607178575389,0.6784955687763176,0.8750309835254024,0.5259956006542195,0.4139928026015093,0.41827118993877765,0.7556112408000469,0.10765173697889056,0.05313038020231417,0.7845348714923549,1.0289081554261899,0.07779952692930717,114.12701001291956,31.324286700427027,3.8042336670973187,2.138865668679312,19.63493296261539,24.021763120739834,32.891205957641006,20.555810025340275,64.49231020418168,57.14921167388235,-0.6729490241558326,-0.7396888608649671,0
0.6820457481218805,0.40275911548498894,0.4091109128257749,0.6223850605471262,0.5057195269282262,0.6283577106530602,0.8684006262217266,0.05453616006601804,0.06396236287160136,0.1716332995263511,0.5721769637400969,0.1796845414284005,59.78784813945581,19.61210184998145,1.9929282713151937,3.4814438793906985,6.087437451862245,21.075317415511794,25.847028189769055,17.07542366181147,78.65288655334082,64.29674028038069,-0.4161246959914748,-0.9093075592922356,0
0.12285378466901216,-0.06781319928107174,2.490712558623105,0.1205934754993169,0.0656513048839681,0.026953638631537033,0.2658970825572999,0.09962826555498007,0.08276044818369739,2.251205788476416,2.557182387415962,0.1548659308099547,0.5383912678339864,0.1216366789859993,0.017946375594466213,26.729289254582277,10.196554359382962,36.027761343483334,42.70147859603652,27.437974936508724,27.32921756457595,14.256301989309904,0.9552106508146317,-0.2959267013472892,2
0.6435133228268233,0.5955883778507801,0.807234241294468,0.6070112965454275,0.523454749995277,0.5524693228845734,0.7305979839872998,0.09381416355501894,0.0712661051752165,0.6560637027041022,0.902297627284715,0.16098561811503959,89.45025923663167,15.81972292992847,2.981675307887722,1.5937625146603496,13.040843177908842,26.081822879117492,35.92087156019009,20.146921250955337,72.89930572118493,54.932807018159465,-0.6855476064742154,-0.7280278011569848,0
0.3735666841592786,0.21859615130064686,1.4663569700858747,0.3314635096674202,0.24657527021131043,0.20171775712221932,0.4297067758154304,0.053077172492904764,0.02995375094815148,1.4013649613918722,1.5895368298094363,0.12302423179118553,19.0905252094609,5.345164164414718,0.6363508403153634,7.421746503474705,6.854481857272145,32.83508420579284,42.54046873580238,25.336688659316316,43.325255613758145,27.281446394351214,-0.9263239682514949,0.3767278936351853,1
0.07238004919921058,0.022026111775344415,1.9447558982020126,0.045551402080683395,0.06973473162202286,0.0016958078370240964,0.24719425961167785,0.10552731085843846,0.050310967226608425,1.696851906301839,2.194475531789321,0.15617931551813063,10.195886940026373,2.4711453769621503,0.3398628980008791,17.489808324058146,16.26884978978331,39.776803762748926,47.811283896185444,35.21756549209461,30.816993552663583,13.830892260370643,-0.607057574429101,0.7946578517376245,2
0.17979075989363513,0.10769184714869015,1.506525410428887,0.15244197602710527,0.11317241824983085,0.0094060797413415,0.35677493538782795,0.1122740815488151,0.044617935149149676,1.2985482628385183,1.719076781088319,0.08727027866251132,13.068970279052358,2.485108424877655,0.4356323426350786,17.409047196444735,7.266770253894084,40.878593497355524,45.13242848645421,31.94561016063806,34.619726055973665,15.412188180387268,0.0857305001556943,-0.9963183634476755,2
0.10854976494702255,0.11149131402463333,1.961925204205735,0.0927731007332981,0.0921303296162436,0.032053310466452115,0.25577177640436927,0.050183254483610856,0.0987715495498693,1.7265638623837267,2.1247505929581343,0.07390853986233817,6.034121511471503,0.9178213152143485,0.20113738371571677,27.944565409982165,19.243801009093094,35.78206783873078,40.66864218725886,32.61563092261758,28.67184850443738,18.01900875967575,-0.6979441547663433,-0.7161521883143935,2
0.40271427296012413,0.1630978238987153,1.1176521602394913,0.397393943816577,0.3093485953654847,0.2332691734478543,0.51335051927618,0.11759347947274425,0.05339132992048802,1.0397136857189035,1.2375567204733708,0.17684631374366322,18.92084593925417,3.182019087285093,0.6306948646418057,5.686486661478723,7.437482656109418,32.415022111443506,41.27717837528664,28.24767222933466,35.51139598179469,23.669903081855818,-0.7221165966101161,-0.691771364614222,1
0.49587502021131424,0.2034245353925821,1.0847318292097496,0.43420115256468605,0.4223741354861974,0.358361792358549,0.5602211246148716,0.09350537743058637,0.08082625771233101,0.9003997830101699,1.2506511746922844,0.19703918117247488,25.89911023064262,7.694436734150147,0.863303674354754,12.374099443119462,7.82031618546401,34.2309663741284,41.634994211920635,28.418272163916534,53.23637257372184,46.54057805620418,0.9990791668951153,0.042904758199554374,1
0.523971045298165,0.17247906121492557,0.908180414343493,0.45751151967503606,0.44537003310809936,0.42392191170311105,0.681856208154787,0.11378987577413256,0.03096422422625244,0.6648686306324643,0.9857272341210547,0.1065511567938117,34.05052879573915,6.869388208697041,1.1350176265246383,10.024656497627655,13.05211953169516,29.572217080524194,39.12884621261696,24.45346260787291,41.14291296208423,34.625455789321116,0.4004539056512664,-0.9163169044870048,1
0.36001768512189164,0.2838419852954128,1.4023578042831053,0.3224964950205362,0.23358073362809179,0.21804489845643893,0.4899417407321008,0.0805741728167697,0.0273190014709967,1.178434512736653,1.4647102815411452,0.06210046510867661,16.023129242700357,5.513733971642889,0.5341043080900119,12.608859776715097,7.541809463995828,28.892991221999598,34.247147882895845,19.85224289667127,48.65305210088398,39.25282270083264,0.5221325810768248,0.8528643314021597,1
0.38878291193845316,0.3440726193789869,1.33455271649948,0.35431406716006153,0.2875790658257448,0.2451468013888254,0.4977721347033355,0.05802437459033259,0.05047122900997301,1.1211746585986462,1.572652156202082,0.1119017372568724,22.448813082390416,6.323379852386701,0.7482937694130138,13.62922393510989,13.988206906102151,31.059360652895315,34.80200311018568,25.478440184867587,53.43026783814835,44.29134336889741,0.0857305001556943,-0.9963183634476755,1
0.8460660809801552,0.6167356345784516,0.8512764533397834,0.745342071552216,0.6681804807548505,0.7615728900964923,0.9333732218682997,0.05473254319933225,0.06921755505848087,0.6546621941338484,1.0037769830938497,0.13975362264466384,74.99799376189833,14.20350561511588,2.499933125396611,3.6879115079444573,10.849174444823024,24.184523398152955,28.685368779105104,20.654625306984443,57.137713271361704,42.015918738850544,0.3846650997070012,-0.923056206884176,0
0.1956422273037028,-0.08843452066500002,1.7392232136658579,0.15401285321210023,0.17229596276985232,0.04796568319216005,0.2927488277563494,0.0931752480107826,0.071268330913248,1.5894486494350817,1.916756022895576,0.18761843328365208,0.27557481807156614,0.06623395301880455,0.009185827269052205,16.656142465150893,13.347631750259515,33.14438163516848,37.905200507099096,29.128606486797242,33.91569292481911,26.510079397319032,-0.5366961939916011,0.8437755598231853,2
0.22911324538969752,0.12261739349597245,2.131034175712049,0.18784563389719913,0.15264126731258712,0.10634345923254729,0.359250311997755,0.1156588964528094,0.03751761016846411,1.8997558792396172,2.3041565660965206,0.13683747988890765,4.465105733892686,1.3182618630038778,0.14883685779642286,28.479248114152064,19.155839100736387,36.99548701286375,41.28158539525381,32.77258960129728,29.233641187101718,16.19941945898674,-0.7221165966101161,0.6917713646142221,2
0.8456951362331802,0.5647679994118361,0.42272319017072896,0.7722377119299312,0.6474256243391768,0.7167347370927631,0.9773685009273076,0.10038252789033472,0.02657373339811419,0.3355029066014735,0.5645762296053718,0.12403198705101781,86.94728944167034,28.563197126012696,2.898242981389011,3.541814883575174,4.147543293624973,20.43809311057625,28.17667859155411,15.90708381959076,73.20471890509009,64.3577729898386,0.05147875477034673,-0.9986740898848305,0
0.6492694074557948,0.6890859931267759,0.7159186060848997,0.5756147488996839,0.49482889546190384,0.4851158088143449,0.73014558896131,0.03212747274417027,0.08154439149130718,0.6005322828172839,0.9418349770752055,0.16918674180502857,76.7308604990609,23.672930134891313,2.5576953499686965,1.0912694393253208,15.359964947461632,23.071129770985692,32.60010332791502,17.44284727172019,70.60372269622835,62.91338254188973,-0.287716767226167,-0.9577155432887803,0
0.20089644691455139,-0.020850484897357746,2.3136157259807195,0.20922650929969722,0.15561287993399264,0.07403048160296874,0.3037418000710654,0.0445438160362219,0.06368399455062128,2.1870338603447625,2.3920023681325993,0.09885610026304986,11.031548908382794,2.1746360854266786,0.36771829694609315,24.976802671704235,6.489618467361195,33.0816938755076,40.23750721086674,28.779455445908646,20.69191589071837,3.616746404492517,-0.9837979515735163,-0.1792807588107359,2
0.34728477500574617,0.30042054100457405,1.144629462399135,0.3322094356506184,0.2598207846425127,0.26420845693524897,0.4848726683949165,0.06076791919183359,0.07703058954757892,1.0057039308163542,1.3267071128783001,0.17883985239870914,22.14175191488976,4.646439639269742,0.738058397162992,6.4199425935208465,19.571087338147024,33.264900896804996,41.61466208329077,28.346318527318026,53.160301787499485,33.56587726321886,-0.9057022630804714,-0.42391439070986087,1
0.43932764382857714,0.22183167912722548,0.9552592525197539,0.41564364818230937,0.3551620644089968,0.26078298161214125,0.5607759966596129,0.05364488492051725,0.09277949493701472,0.7621351091253967,1.136849149676079,0.1974290176783131,10.314809234198334,1.5505245739530311,0.3438269744732778,11.059261954142473,3.597668864824524,31.311192523401147,38.92669423435306,22.096327065250986,36.76304316273289,25.18277261923599,-0.8199717629247775,0.5724039727378144,1
0.5858782737814905,0.6808464322482343,0.4456030515243452,0.5412295344935562,0.366244190587825,0.5182820454371313,0.7037081280240058,0.11890069681933985,0.06282481051620734,0.21836389543133028,0.5883893268868118,0.1398467762265816,50.24366711662179,12.328792106944904,1.674788903887393,3.0670569460535386,9.534035654910294,21.1141765813071,26.711967150317996,15.506443664990243,76.71169939744782,62.56623802015858,0.9917226741361015,-0.12839835514655107,0
0.35269536233867205,0.3612155818724082,1.4856196191601223,0.3269184951850883,0.20495363227694352,0.17475640476048482,0.5136755363287326,0.033365729136791755,0.06561453054037551,1.346385531597583,1.5422220063401877,0.07316236363088195,24.6710732592286,7.5243244110687515,0.8223691086409534,13.624965074015854,17.854509737137974,28.476763173064658,38.47502411706797,22.81956767792633,35.61861762787132,26.75145451752126,-0.17082974322534408,0.985300562686109,1
0.15791505353594587,-0.055990079461257336,2.1480316573308618,0.1068730885653405,0.14162713708948635,0.08469269030518557,0.22457454902819407,0.053954254744605884,0.039112375653406126,1.995355528074803,2.2282148538735678,0.0935718438834882,5.27068450137163,1.5073931547334931,0.17568948337905432,26.209737383593293,13.190282665877115,41.106430158345454,50.17933117046422,37.87920916600952,17.675213901540044,0.42370030459629504,0.5653446739747428,-0.8248547748594245,2
0.3344713173390026,0.1908341620222643,1.4365590709538485,0.29937125624456956,0.26685385477843937,0.20782570588224325,0.49639826312184343,0.11179788656871031,0.08221739912580406,1.3459884232082755,1.5664455267600195,0.19523132612943583,19.69299104999012,5.882700202112791,0.6564330349996707,9.400710750664985,3.2138228122653216,30.44898068926598,33.51743635140631,21.953932835808146,46.956799736913695,40.887924747190276,0.9805753940631429,0.19614254142819698,1
0.4401449522502622,0.1899062253580418,1.2280177969778039,0.39177809342180636,0.31394366880697644,0.265204343402463,0.6391347317147242,0.0481265678292017,0.0447735096321034,1.0348706116956448,1.3411620229319017,0.14528974810386214,14.876139624061235,4.774273993375709,0.49587132080204116,14.918891959474918,17.88796316060564,33.17778028434176,38.34683983020115,25.931149575910684,50.759402671818634,39.79280239885304,-0.9955457941960382,0.09427922177542405,1
0.1253479489415898,-0.03130054730802487,2.0638670318917667,0.11627346530438358,0.13052818106598957,0.03514622386365018,0.2854589785924715,0.03250647998244802,0.07643916388629078,1.9601471995915496,2.24214568163643,0.07301263691163312,7.1796730582578725,1.7308240804603043,0.23932243527526242,15.997096953137573,8.111714149660873,39.154362032765405,45.72074119767281,31.16953563842646,15.10628338309724,9.208163982276456,-0.9732643737003823,-0.2296877421317963,2
0.26468559912832695,-0.060893270294595236,1.6842198992963593,0.2484306376026753,0.2267412293436546,0.18893047364578058,0.4146810099900133,0.09207314781281609,0.05507518759692202,1.495165072707476,1.7393040363322643,0.1137492860629795,14.416774020324604,3.0922402795512967,0.4805591340108201,15.334086826008358,13.926782537312297,39.21976961798531,44.466920301906576,30.95245798143499,18.54242915204839,13.391324222149915,-0.034327600513243496,0.9994106342455052,2
0.17546006063890962,0.05093607214081411,2.1952584007554337,0.19082196593292378,0.16612872393031727,0.0719667908150018,0.3502887334850433,0.10639121274982564,0.0955383663491405,2.0940407155077487,2.353181570875801,0.15648575686694122,7.412364053277066,1.538775064301887,0.2470788017759022,22.055573510772998,13.970432916739485,41.11638689735304,46.40357433469464,36.08084328780011,31.086094259110336,22.243830981504104,-0.9128458599921354,-0.40830434224389367,2
0.38958366416791845,0.3156990685524304,1.3941638524789137,0.32964276792594743,0.35094197715988384,0.23445380929910414,0.48428469274698177,0.11569295253687162,0.028353229559849445,1.2062804257046489,1.4929054948597822,0.08866677323059871,33.5777582862674,9.023341482484028,1.1192586095422465,14.525167896845986,3.2938967609771748,30.313927016144035,39.15822301469478,24.48609303302245,48.53289269639695,39.70515926478349,-0.5653446739747432,0.8248547748594242,1
0.09877720500605251,0.1315699904621018,1.899598511620868,0.08870157459091438,0.07421388970665495,-0.07118720641323346,0.20223517678450675,0.08745075755229806,0.03999989881790654,1.7413661998007364,2.0927110770873147,0.1870119407246048,11.770851227690374,2.9550168254522595,0.39236170758967914,27.65059981012508,7.131032540189358,38.791583457435564,46.40308628120195,29.50639981308419,23.94321009061327,10.605602775360792,-0.5221325810768248,-0.8528643314021597,2
0.08853688108408354,0.01403968527995561,1.5335458714121577,0.09045096074762234,0.09780443884421476,0.019400410746579597,0.2341923087403729,0.11234369429663543,0.0591862448437378,1.3572703841330718,1.780835416617505,0.06470081223064127,8.995566201121504,1.6110905192511853,0.2998522067040501,23.07205601566327,9.018333846544191,40.11889643568317,43.26234076382899,33.06509654655393,23.70461436018848,18.426239312335596,0.8199717629247771,-0.5724039727378148,2
0.7688818535014192,0.655341001455057,0.7362592280385192,0.6868177468979353,0.5883753356239311,0.5807546763290662,0.8985572827015741,0.05087523865043779,0.021535382145844537,0.4869923605130697,0.9832571592666942,0.1783544140756309,90.67206834533806,23.05717505209843,3.0224022781779354,2.087903878924642,9.468801067788206,20.935184325666913,29.135354781342485,14.021769331040698,62.36164398854794,44.80113779199568,-0.03432760051324313,-0.9994106342455054,0
0.7687021504122962,0.6861785731007761,0.4054188257401492,0.6974351585474587,0.5505127063378952,0.6477206644085626,0.9291624526721423,0.07065909108635063,0.09092833721923735,0.35437290303156666,0.507142992717757,0.17783958115867726,89.76693601822987,18.124694531619557,2.9922312006076623,1.1680387552495497,16.720205365733953,23.01555543539926,30.262677508421316,13.87410226346939,77.31679277692437,61.95353312866203,-0.6206094818274228,-0.7841198065767104,0
0.2959329634992515,0.07026252793261131,2.1035812471230626,0.2546796265601974,0.2492295040650588,0.1645507841541546,0.41983411304590196,0.06830070291465165,0.05800631840401951,2.0176811950241924,2.1873215756838116,0.07897366266814698,8.796892685621964,2.2032727640580796,0.2932297561873988,29.29980120651383,3.3272323854311976,32.3232326532609,36.214280384926454,27.01969073503068,34.12265712684738,18.14853796131952,-0.6601521206712321,0.7511319308705195,2
0.6050213529560302,0.43404205637217674,0.4226520048860223,0.5533580306518154,0.4763947546114299,0.5389742571319864,0.7640967134209764,0.09883949353879154,0.04437433112784327,0.2862366282971831,0.6279941162770586,0.17836058883586797,109.28511116003267,37.32719964779318,3.6428370386677558,4.938340039983235,3.6387085367814254,26.92405700715184,31.79587120215463,19.66978822548227,65.3656030931756,47.69253287684716,-0.6339784927628865,-0.77335067770973,0
0.37376808731607736,0.36429791426489716,1.2913412118794645,0.35107489445517237,0.27965458132530185,0.21443761664282618,0.5412181220181577,0.07825398476274624,0.029562469563766226,1.0877659391527221,1.40969098034465,0.12024508871845778,20.368749807292048,4.1491343674039385,0.6789583269097349,11.246639742837168,10.446370537955598,30.895750752896824,40.445995583568674,25.61583527185291,42.47894268958135,32.88600388235014,-0.9937806700284985,0.11135519690480827,1
0.164662474520269,-0.05262746352509895,2.000297874393992,0.17594327430847667,0.12844010601564243,0.07572088073528724,0.21813449030752025,0.11586845234120706,0.07516864152003264,1.9450211507928845,2.1067772964151574,0.17012142420152487,13.70647504955698,3.9225972570406498,0.4568825016518993,26.14348221147648,3.843618671639933,32.28836326921705,38.75049171528575,26.816398716248816,30.690730373697903,22.532042516123752,0.9326545075388225,-0.3607707992167831,2
0.6373687420594126,0.5979952138102537,0.8282449205941611,0.5740088603123684,0.5101310636940524,0.5360879171536097,0.7430245565071031,0.03164093244087254,0.07559608711219694,0.7301063782276601,0.890775561285232,0.14643228650880616,104.84426646254663,27.14381012623394,3.4948088820848877,4.626241587078329,10.081619084198966,25.349145759395448,33.08132977576328,20.70972216291111,69.88462543300109,63.46085638067605,-0.017166329754707124,-0.9998526477050269,0
0.3390089528349942,0.21993649194226775,1.389165798654336,0.26986557477061346,0.2253037245041483,0.14820175752888892,0.4894721205177314,0.07250236490506426,0.08814322709284333,1.201777511653634,1.5846612142536354,0.130470558678271,36.851958665537374,7.615229393799652,1.228398622184579,10.037083870840707,12.776197124452054,28.303206912780183,34.87798780391046,22.117337295550797,38.890700663369685,25.77933813505934,0.8906165093267405,-0.4547551355561055,1
0.2114398230653265,0.0959821471132,1.6693964996315787,0.2027658735772043,0.14479620483743938,0.08195552858223532,0.26232843288342683,0.10055276263807858,0.04252076966179004,1.5182793333946991,1.881203039533045,0.05313980442381103,2.0286178686975203,0.5298962570700088,0.06762059562325068,22.91711045338245,16.606984662392527,37.89156377393788,45.18625896308289,29.28450607155247,17.7036610834286,7.94047621859853,-0.6471606673266059,-0.7623536388483905,2
0.5765477506155758,0.42810243034842776,0.7753073758204292,0.5395438996408514,0.44670154604236845,0.42837106847340556,0.7250582502967697,0.11562630079859913,0.024622444879709333,0.5980491050245795,0.9340150192889585,0.1590006488105485,110.1322882126676,28.559001499251508,3.671076273755587,4.695338492564481,7.510544338442939,27.506723654568304,35.57085837951831,19.44261801808392,71.31865269629687,52.395921224587596,-0.47753588643748845,0.8786122450571482,0
0.4983926636347005,0.29155375393815414,0.9254819455539199,0.455370754173747,0.35468214253851466,0.43247382581105115,0.6611582817871472,0.11422435200625405,0.04869290904211673,0.738724305375945,1.1015169625313281,0.07089535080618715,19.573704694613877,3.17620108098622,0.6524568231537959,7.836079234171363,9.908906875616923,33.11121417317474,37.95904281114355,23.692486381457318,35.102792551711204,16.977977230921432,-0.5794210982045637,-0.8150283375168114,1
0.41219470099865374,0.15201477583552994,1.261481898422073,0.39595106890977955,0.3039279736003775,0.3491340201620575,0.4726526148737132,0.1079014098085288,0.039531804840552576,1.0250122700953308,1.3961783002719397,0.05011215625557966,31.012953974695115,9.936359745880802,1.0337651324898371,7.81392982172163,12.338548208162255,31.179948777528757,35.495430482645325,22.085248500028513,37.65856085415965,21.37353318449138,0.8573146280763322,0.5147928015098309,1
0.4953764119355456,0.20406263204663222,1.0354366343034764,0.5268897731862302,0.3784924974461233,0.41861399745102124,0.6947030571379256,0.09570015489727753,0.020166121408006495,0.882869561816448,1.2360061293217532,0.1854786036084179,20.54626780149094,5.777616072392364,0.6848755933830314,13.29821264717285,5.635147346084827,30.221138341943405,36.59226232347894,24.856419038692458,54.62483194910924,38.15517835989756,0.593326764377232,0.8049617075821959,1
0.5859596102001049,0.5868671427457001,0.8810862742372709,0.5327461880049965,0.42961115337760913,0.41587160533374246,0.6950392710482287,0.04808403197931508,0.060977753665013956,0.7038508012956244,1.1279083380445705,0.14161701066136526,97.0679668707642,27.307763692412717,3.23559889569214,1.86344258506157,15.455883860034767,27.4569462598689,32.625594387126185,22.26015860229799,61.133727742033024,43.34551642334347,-0.9990791668951153,-0.04290475819955383,0
0.7609056876685534,0.591228970449462,0.8816112697203057,0.6842298626279986,0.5406136420779708,0.6049343286955182,0.8181374934976368,0.061281437181508386,0.02576674687989387,0.7548446793336969,1.0171092073044288,0.0511496048973838,75.79298934587638,19.03856086396457,2.526432978195879,1.1009160097490567,10.357036953187464,21.22031234331409,26.696836454469143,14.670894816143065,62.42804289057938,54.26614636732894,-0.1198811922992275,0.99278824516254,0
0.1626765145625964,0.05062784089368216,2.249599441120762,0.15569084711766884,0.1345602238365467,0.0359543575443389,0.21509274734499695,0.09961266160404911,0.05424908557977934,2.0405561238146857,2.3605753125990034,0.17044494516628506,14.53224662225065,2.795420892554455,0.4844082207416883,19.17697936373019,5.116589324216768,36.827283874767836,46.544291988171295,27.997858656176394,15.502794515126283,-0.6622581271992196,-0.9387101892619443,-0.3447073839879337,2
0.29622869150422615,0.06444719500904653,2.0695212786820325,0.2666552038766046,0.23717112985612487,0.10093289170918479,0.48325533652891234,0.1049414901258046,0.02173910704509659,1.9943101924098918,2.2081572937109644,0.14037888351878802,9.921717249196517,2.7285108472800914,0.3307239083065506,20.426550086594702,10.749730503067362,34.13567300336192,37.14282910052306,24.757025095228073,19.614685532122376,5.125786507547421,0.9999631612477099,-0.008583481082086933,2
0.7855527884179041,0.669164727385998,0.6928877906367317,0.7142275800802358,0.5848290311919625,0.7253772295521284,0.9443414374801746,0.11343310903166759,0.08896115858180981,0.4796984028430082,0.9228544597741861,0.09559196018610858,107.36951385085669,19.129015911903235,3.5789837950285563,1.4867450368627537,8.167022708335464,21.49634998846019,30.55901942374203,15.493739654449179,59.76719301659166,39.80276855555931,0.30411483232751785,0.9526353808033826,0
0.07026489096940079,-0.09498682255399787,1.5703681079060292,0.07645393140790985,0.045128197078433206,-0.12273374876367,0.1780780559288826,0.0386929814245079,0.046680988293029343,1.4449457109991404,1.7133130685221636,0.1117990984238259,12.58456645011102,2.7344011446258647,0.419485548337034,26.988571413051872,12.56929704806543,39.065498022828265,44.07542088313827,30.24228157653116,25.870792931501516,11.571298559559008,0.7787639308347607,0.6273170968742937,2
0.363484442980924,0.2087485693836729,1.3801238086101475,0.3195397699131299,0.2582784809144709,0.2232768323776395,0.49097858175906534,0.06382672186637814,0.029521704359451287,1.2313279787821099,1.4900350725331268,0.1887596834670583,28.599056946224927,5.487688120609738,0.9533018982074976,10.375846256925659,11.789106814565047,29.36341448381058,38.34896318559839,26.10843638069854,51.24781448372302,44.226605506759405,0.9805753940631429,0.19614254142819698,1
0.38919217790581817,0.20847423286805086,1.0942917449414589,0.3539101184546046,0.32283711377813296,0.32704911748846494,0.5078284777433829,0.07201902892107939,0.03384190958009315,0.9364535290387322,1.172410128576132,0.09535936104558834,19.539476540210046,6.7232937329587665,0.6513158846736682,12.502607940873155,10.326002720811557,30.31802542414905,33.701024647984525,22.270166131345686,36.67449875690697,24.08965339545368,-0.5366961939916003,-0.8437755598231858,1
0.3442981252527978,0.28686787246557965,1.4337459709982951,0.323275286785558,0.23993797948880283,0.25746553136112416,0.5221299839330489,0.08267671455008802,0.0774534358048411,1.1841059894651715,1.50866898363612,0.11947991544633808,34.99613069790023,9.078437190718233,1.1665376899300075,8.077028133898438,14.52058619900087,28.41374074612958,37.14046992438182,21.374292429549662,39.189115390190224,19.427332132796664,-0.1538905767040627,0.9880878960910771,1
0.6059710176658107,0.42819458195226073,0.4417503583493344,0.5396538314616275,0.42031326971593497,0.4811377946481073,0.6825434860829186,0.08857896321424746,0.05500824992443136,0.25021417140115126,0.6884546528923788,0.1400976599822534,113.66979204254505,37.95504887624607,3.788993068084835,2.6848721144670677,16.54358375225333,24.34179554678077,28.079548073535406,19.976969147478744,77.50046604620263,61.43907475964247,0.8391377545563938,0.5439189543287247,0
0.5603165563345656,0.40151847515386563,0.4355943242301145,0.48041216406597936,0.43929995815720096,0.4370200777738657,0.7560258204408115,0.04630344145812122,0.04494529064682076,0.35924856953920214,0.6072997787694079,0.19652004927659894,116.32408218069779,20.87559061273945,3.8774694060232595,0.32678170399471185,16.71378983481057,22.578830759797782,28.372077983294826,16.8358151474816,71.09998858097539,53.54319416351561,0.6070575744291002,0.7946578517376252,0
0.5462114359917736,0.22142489851119113,1.2619152993688005,0.4931964215339853,0.4677852060527003,0.41861741366893557,0.7181835842669713,0.051828984892467365,0.031483580475501434,1.1229474275006945,1.4160924559089363,0.058359197855147676,29.588489744135266,8.706262013582514,0.9862829914711756,7.596032837084785,16.251211287036984,28.794784496284006,35.74476900841803,19.581991142199108,46.148099286283745,29.554890624330973,0.8100248628547752,-0.5863955333706956,1
0.34996031782048487,0.31354003857152457,1.2509031790133291,0.3248017502872761,0.26610164686178417,0.26082253087295965,0.45337428059544815,0.05861142063959552,0.08353458762537469,1.0149732574730634,1.4909645817605655,0.17204132200510341,23.9144274918304,4.4936120073388235,0.7971475830610133,8.063009968875376,18.73491115623462,31.088053865614427,39.24966466982913,27.60021898850359,37.09351941071067,18.276078360292434,0.40045390565126643,0.9163169044870048,1
0.3129464721832042,0.3066142549192318,0.9889304772595948,0.25492614319318435,0.2739282120503958,0.15222123160267764,0.48969210022921944,0.11013968532009771,0.0987125091117731,0.7712505496411568,1.067654752873358,0.10994870031286305,39.86913500784425,10.397630795573766,1.3289711669281417,14.807938054145849,15.677473472583102,29.781783800451628,36.16176715533226,23.53692387525436,39.35425025956303,19.753335888022384,-0.9552106508146317,0.2959267013472893,1
0.6968358280832689,0.4750728694493786,0.8505790052454945,0.6400565569939433,0.5441724428336898,0.5502991738037901,0.7648671863888602,0.10434608672272755,0.021675596882473024,0.6321922918871328,1.0649063847875888,0.1811333787027764,82.96852334548382,28.150498363183495,2.7656174448494606,4.336471004799012,19.666268596017147,23.192021630961044,32.20373902913813,15.32953491870495,56.87844454339522,49.93325987003169,-0.3041148323275178,-0.9526353808033826,0
0.34734835447121154,0.2092861164944278,0.936604285803237,0.30640138072609896,0.30841675969158394,0.21552480339698615,0.4555234949068757,0.0906634080682461,0.0940661899554814,0.852484060878908,1.1333328538761267,0.15789509135376706,20.11908509402459,4.069677735149342,0.6706361698008197,12.528486558822063,19.11367851398417,34.55849504611797,38.24929164043741,26.719382660771366,41.394863908153894,28.08297145777978,0.8982917515547528,0.4393995096591417,1
0.368237498682872,0.37339864661253286,1.3685516138316542,0.3474248265763197,0.3135195613167062,0.20944443602968865,0.5390050263802987,0.040641455322492644,0.0723477167722286,1.2171516898029848,1.5212037147457427,0.18034386575313444,37.23206299532538,9.209358588357622,1.241068766510846,10.538234406337256,10.447898067566019,30.312740315659315,35.09537212068644,20.529965281083218,49.71835907103977,37.53783326249979,-0.32042327339191096,-0.947274472298717,1
0.18011402303484575,0.1286104323718346,2.3579170722435676,0.13199922725464916,0.1347519583213681,0.06658293644861951,0.282800597877345,0.11883741276053732,0.06500096953082533,2.1209572783088677,2.4645204654203217,0.11346132841947244,0.7248661328309536,0.2165361688285461,0.024162204427698453,18.90094122063286,9.512364782664147,33.97473583685683,42.94910050254226,30.043745727334354,18.270913736482786,3.5845201635224697,-0.4004539056512665,0.9163169044870048,2
0.42658257733856697,0.2890820018142698,1.1110830038462116,0.34733321867606104,0.2882088669803774,0.2528615351415924,0.5027710550256449,0.048313919509978126,0.07344026005944113,0.9746808920601391,1.1941670342718935,0.16196297450147737,25.706907385895676,7.495830419007195,0.8568969128631891,9.512666140731145,7.392675013796292,33.19605476719184,41.8428557505369,27.51695042796744,46.793069903030954,38.924912136829825,0.9444892287836613,-0.32854238191083474,1
0.795404429776748,0.6467801681978974,0.4281516378409187,0.7209387800289646,0.5704634298943202,0.740423963458043,0.8499624887312736,0.07186850510553464,0.07093357457337658,0.2585065790281709,0.49484445483879536,0.07100361463299766,89.46038172242368,23.744978627887644,2.982012724080789,4.310638086327253,12.33059730631505,21.226811224928642,28.87634691985142,13.800071954629932,67.97294263207094,50.262123673500334,0.9444892287836613,-0.32854238191083474,0
0.4441181093894385,0.3234513892418529,1.2997607168874232,0.3813272340673182,0.3573852165512951,0.31676662672787753,0.5984873544305503,0.06530403373711924,0.05449683878914631,1.12581114598911,1.5465077236225748,0.10125118607276812,16.80071956224771,5.271215045087078,0.560023985408257,6.942735710018014,3.187227091705327,28.913531917462077,37.524308142495606,21.476953085512974,44.54400158835922,31.120236173855602,0.9197204370389467,-0.39257396461417177,1
0.6011572371061875,0.6691330779857732,0.6728083946579675,0.503404532485616,0.4263552688975949,0.45801990944106596,0.7400097863951919,0.053109891094845714,0.0602052861170754,0.5307004952031396,0.7332599705151722,0.1497477355213993,109.17779010040425,30.263094421477756,3.639259670013475,4.222746992675352,14.27180226065818,24.88496033953306,34.06591711334147,19.001253674294347,66.33222086870069,55.925818461578395,-0.47753588643748845,0.8786122450571482,0
0.7924361138693251,0.6387378008308303,0.8736242886919294,0.7179774397646156,0.6379011114361162,0.7266965871065989,0.8565212212377379,0.10203208570401254,0.09642677492031426,0.8082126328650632,0.9869766241054347,0.1076766991467219,103.95283191272341,29.36530308123495,3.4650943970907804,0.7694795316992753,8.266393606554686,25.77802054714453,32.29643924555544,18.07991823348671,75.74354509268004,67.57506762058607,-0.999668467514313,0.025747913654988634,0
0.27094050386450796,-0.07245696993659173,2.3547406185919786,0.2721526725264496,0.21504619695188468,0.07678736349972592,0.32218029855638675,0.03371050325991543,0.030565344861523264,2.269903780978375,2.59475444964666,0.1474298646598085,9.128747319598624,2.901205666762971,0.3042915773199541,21.398185479151138,9.507478128358459,36.800901422400464,43.141021747281535,28.728637067282243,33.07235739597421,13.507699522137003,-0.938710189261944,0.3447073839879342,2
0.30379422057170674,0.2605630691298898,1.3833155481456343,0.29655307232846406,0.20813377785452866,0.11621113179797732,0.4057237535737559,0.10555079107885956,0.05936736082800784,1.2719293335493878,1.5581382321547652,0.053700493181073075,15.929176617733905,3.279324269391707,0.5309725539244635,13.58761429838704,17.12080799966352,33.906285307911055,41.0055144827876,28.483525806760202,50.90116035212262,40.707169729101395,0.22132528438243243,-0.9752000402445825,1
0.8387341884826334,0.5548901044903586,0.4215799559752881,0.7194001202702325,0.6221926439017744,0.7809384959349125,1.0193472060332223,0.11344600375315074,0.09652011186395841,0.3346847053485602,0.5835310927029647,0.06620386311960372,61.539458475950475,9.67423448591218,2.0513152825316827,4.256034570243844,3.9619561544941657,23.393045370419088,28.547616192184307,15.519952354453611,71.5917791340662,62.56334662226156,-0.6070575744291004,-0.794657851737625,0
0.6087948587257436,0.51031474091783,0.803417369633632,0.5704494755897209,0.4717602488193065,0.5178059296760121,0.7075733683594478,0.0841450638131698,0.07560281830868426,0.6011930622250004,0.8697624387829876,0.09571266430792,72.27862929699177,17.098463870049603,2.4092876432330588,3.993916178868327,13.22641594809701,21.449864529325282,24.51324366038788,14.700268333892232,60.954569526168164,42.01747672593622,-0.7101350157125356,-0.7040655221348059,0
0.373129106369063,0.22991301382301563,0.9271767861678465,0.31724667512464566,0.26589474630489,0.2555867337943341,0.4628912990198489,0.06857798512876787,0.09060923660137966,0.7772671191269123,1.0216333394955635,0.15760591610944602,39.840524955894615,9.903528096684417,1.3280174985298205,7.556390937953616,9.63553824744643,28.14714774708352,35.33446024665322,22.471486506982078,51.16789764608046,39.38318712031043,0.43167285247378384,-0.9020302369860707,1
0.6868209952651108,0.42793083034176976,0.41325565527081093,0.6058901482457909,0.49486039819960165,0.5336381369199887,0.8026133081435494,0.051913406691866934,0.030601973819347875,0.30607429742297887,0.5327243205225795,0.054978403184363936,117.59315182516826,22.24469869277367,3.919771727505609,3.4871013362341996,8.171378233816775,26.155943465535493,33.339621444454416,20.245517740872238,60.128491012050176,42.258141946941734,0.11988119229922782,-0.9927882451625399,0
0.7074269294896713,0.6632018060142943,0.7129299578571182,0.6649028841356297,0.5518193125332854,0.5762369426882548,0.8212509296568826,0.0946310768603845,0.05223841430121291,0.5403420413582132,0.860444196591795,0.17555616878644104,42.10935795978016,12.92916920170954,1.4036452653260054,0.1971340568425295,16.014294758769637,22.063222616359518,31.81833020254082,18.659097501783698,79.92185629614869,66.27132031328235,0.9691780654392537,-0.2463612742933147,0
0.4580595377169653,0.2549621744215794,1.1896280838461606,0.37744522812052894,0.32670016254474327,0.33495187146615885,0.6496262544222207,0.04426032334709153,0.05240864436702854,0.9568528257818013,1.3543144489172927,0.12194376451166873,23.723291676096647,8.22433012372092,0.7907763892032216,12.825001443802936,9.707369197783343,28.7865513736429,38.33266138027925,24.132152170345435,42.96561098178109,28.602729888337034,0.6729490241558329,0.7396888608649668,1
0.5922772674924288,0.5730711653879077,0.7754355338957487,0.52180618021162,0.4284852986812838,0.3946806202984546,0.6928277439571218,0.061807924137244626,0.06075377025198318,0.5654213401559167,0.9556302273259396,0.05186060544159722,68.04700470452775,21.826552022457626,2.268233490150925,3.841367069322591,17.06760743784476,21.31412638344794,29.485188438533907,12.329308246517622,62.328693256525334,48.43131997093331,0.9444892287836613,0.32854238191083485,0
0.46952845773855223,0.2795690441119116,1.3608032611879257,0.4071883909901364,0.3162607371968362,0.2743670340134949,0.5381445628956188,0.06646336983105659,0.09165810844120917,1.2130947678998742,1.5774101139761396,0.10743545210558689,29.55702596687382,5.284815300773418,0.985234198895794,13.17623378304486,4.474726803523486,34.66690714197651,37.772064935840476,31.63392016332082,50.45341976256333,30.911797725579476,-0.9867305793119814,-0.16236614133076413,1
0.26676999928960593,-0.09213851123526312,2.0282266077271567,0.22867016960808173,0.17667351983908355,0.21163083087058027,0.40074371762202443,0.09846117850988693,0.09477215621657765,1.857385511754496,2.2427301681268266,0.061199246696783616,5.180159668894953,0.9679284535273516,0.1726719889631651,26.80452972655113,8.883886780599958,38.19348248958837,44.66237232221988,28.355642633327044,21.706764766964206,12.867053384319249,0.30411483232751785,0.9526353808033826,2
0.7812901539863683,0.5845021680097509,0.6207652506866885,0.7010150957076469,0.6149295400275113,0.7012114449813177,0.837526082843927,0.06853796534330533,0.0980699003928043,0.43164162138732715,0.6918599906780146,0.15038003944071177,54.55040675193159,15.455226467394843,1.818346891731053,4.713658870675628,14.962896253693867,27.151140664407663,32.03311526508302,19.09197639873603,65.63033761173084,46.21653540779847,0.10282099713736025,-0.9946998756145891,0
0.48242797662435555,0.2455630629943646,0.9732044481461335,0.4353406590960417,0.4471394043640371,0.2988924833549899,0.5495635474130649,0.05654512416381079,0.03111751935092997,0.9038008044987156,1.1603347979991734,0.06878450384431202,14.981575644446092,3.077079658969418,0.49938585481486975,11.865139430432524,11.859953323530139,34.91977990931995,44.44468360778452,26.285950188244644,41.57116299771597,24.26412775230317,0.7787639308347607,-0.6273170968742938,1
0.44590125925202495,0.2742238796250122,1.3664732803094313,0.3919625590516568,0.3065517807097442,0.2921888506250521,0.5335348067321407,0.03559845823731218,0.02021665198563617,1.1202643078585381,1.436142264627474,0.19592662379900339,21.908439188028787,6.971735543903073,0.7302813062676262,13.865025266419025,16.475773738439422,30.32390530002892,35.867163304632484,22.694454320889953,35.13629395800256,28.15576630465263,0.8296770135526188,0.5582437220268648,1
0.6599085529881076,0.4725556872701355,0.7212096391031578,0.5996601809933333,0.47258433539688727,0.46932427990263986,0.7967098642739666,0.11082274940549881,0.08579844509074888,0.5420474765721166,0.8534287596232991,0.08189665645566443,70.47126853048172,13.747271051461311,2.3490422843493906,0.1697298929289942,6.844130631244423,22.23983274928227,27.137506525630734,15.3416836470776,77.45135723601784,60.3513814406156,0.9990791668951153,0.042904758199554374,0
0.4132034285527292,0.2287064573379122,1.0521504701978215,0.38547949261403563,0.30488083123838366,0.3333016051320517,0.5793663527436748,0.1131878610347302,0.034565050310548434,0.9754436235656716,1.1163579544784898,0.1553123850326745,39.31095029635528,11.283826602880808,1.3103650098785093,8.76414962520694,19.53570863543845,33.44467871120916,38.77537501180908,27.549166758115266,48.251358354775704,31.487161130457167,-0.9552106508146317,0.2959267013472893,1
0.47053829039040873,0.2261231331872377,0.9167063445464481,0.4487768555838115,0.3360580020763646,0.34565844836420895,0.5842813182497733,0.03273742927271712,0.08234921362680958,0.8116723220488344,1.0563756386513747,0.09596635048253646,39.57415962550617,7.0855555677746,1.319138654183539,13.080678171160226,16.53140652321033,28.356824139157098,33.3862974775883,22.52538668799373,37.94454148821034,19.976421364479087,-0.9996684675143132,-0.025747913654988113,1
0.24302238097032125,0.11015090569329797,2.1324722024114773,0.2360148615342913,0.19990932372007603,0.06634415127327303,0.3100604785771225,0.08057832074637414,0.09144010899171977,1.967741561813726,2.3148303451743812,0.199178862257455,9.952531041078856,3.407702150074954,0.33175103470262857,25.960261461311646,6.109707973162319,35.12760727421816,43.90471821061716,31.470237520400946,30.936963535442462,13.433869062285854,-0.9893724130196829,-0.14540367380369032,2
0.5967983561008608,0.40497634867835686,0.7518289296900118,0.519294675982469,0.4062102221319777,0.4706781960367354,0.7962484435093722,0.10770002846146427,0.08811399661960767,0.5814526117627474,0.815620532961296,0.17621713296271402,105.10360157655589,25.39294099209612,3.503453385885196,2.7095047368917906,17.209040774478773,22.280761349550776,32.06052267145002,18.151221742163088,65.4731362376137,52.11307869401858,-0.9893724130196829,-0.14540367380369032,0
0.7911016230697343,0.5126748857919832,0.5881297927654578,0.6613857103078343,0.6119924316236028,0.7197272916345073,0.9713229612263601,0.10920711788053124,0.07505077648692338,0.3811503973431643,0.6935106902410196,0.19257965788793058,109.88628992854218,25.226301644105902,3.662876330951406,1.1190880741131153,14.435950901551266,25.551587555736802,35.04136195774579,21.362420513381654,58.42214075172018,50.4723369774258,-0.9996684675143132,-0.025747913654988113,0
0.7487566853061947,0.607568559307808,0.41163596786791296,0.6604686125940423,0.5698888221183918,0.6318712793496823,0.8725983637733998,0.07726470453003542,0.028453174740939516,0.3189336946057786,0.4918853336148999,0.0563037012757108,93.73605475246853,22.4530363559695,3.124535158415618,3.953615824194818,9.684318417474678,25.452021777791433,33.15924526396664,18.89738633007998,58.90381493415476,44.53460421243679,-0.9057022630804714,-0.42391439070986087,0
0.6412726728878614,0.6774080854835688,0.5873063073132356,0.5553374240502184,0.5166219058101353,0.47711848751255714,0.8026786510678585,0.1031687164844484,0.026473542644100175,0.4494253093743452,0.6503795388261127,0.08407693355352724,43.61749360849515,14.766478433806348,1.453916453616505,4.720296698433066,5.173735620781098,26.53657656759424,29.642351357095563,21.81911036843076,57.133741701966095,48.398610660329744,-0.7894179103280197,0.613856141822612,0
0.06355293605149827,0.07136013059282284,2.12437269792361,0.07654882716021522,0.05833919209693359,-0.12099617567635283,0.13406127750751815,0.08028564991720852,0.02865813174124389,1.8934516473010363,2.216327780679432,0.0677081760890078,7.242151399925555,1.482772441954195,0.24140504666418516,29.013799486445414,6.004866746198832,40.95652919583177,48.52622276353147,33.36122857312061,18.693024917873952,9.284183983301382,-0.06861473800213432,-0.9976432316860063,2
0.09090210521092805,0.08710158610125945,1.9371720495601772,0.06015860465846046,0.04268344541047657,-0.01271834161433319,0.26445099285852414,0.06859551137676516,0.048622794067341296,1.7226247523514908,2.1311109638523447,0.1822583785274391,6.239844119628625,1.7162280153295948,0.20799480398762082,27.445030203976426,4.319742049246518,36.716085707410926,45.59995920466977,32.5407633311963,17.12250837129805,7.6082242251242285,-0.8906165093267404,-0.45475513555610575,2
0.729597545259111,0.5772678829564726,0.4203644011594851,0.6745745770505106,0.5594097275580694,0.5569024916412517,0.8874778119999507,0.07171446394205151,0.05975707863246642,0.31179999381929213,0.6017554324129131,0.1431392851217647,82.88770930752963,25.416660878452436,2.762923643584321,2.230028864789779,9.960005220889311,21.285450986076444,26.297682640357195,13.15864364266779,59.40967466265558,41.22188807363687,-0.11988119229922714,-0.99278824516254,0
0.547924018343113,0.24490419111291756,0.9775046671458663,0.48177049075557243,0.41823756519603206,0.4270467019201752,0.6183795674632478,0.07403045292749273,0.08004787653953012,0.8032009223390566,1.1642996931288945,0.05793611499059966,21.975003835330586,5.93591717128225,0.7325001278443529,8.11571739582229,11.9165097617226,29.412892847546306,39.00139570639111,25.761142751987578,40.31995386185316,24.80478485542755,0.13690605792347574,-0.9905840354577969,1
0.0871207957513211,-0.0880402968732403,1.5145341352659907,0.06717200347239582,0.03234963919132098,0.036917467076628775,0.1762750955453385,0.10172529800177024,0.035069458565365585,1.3128524071060497,1.6557957175976252,0.08657640949491581,9.428160463182916,3.0944263392960862,0.31427201543943056,15.693872838919258,7.8394646630959,41.1344469847559,50.72325435705272,32.20739305197876,15.69479894889563,9.125231844981245,-0.5074150932938463,0.8617017599480677,2
0.6666031869068446,0.6919031664257336,0.5860090428963916,0.5778287748464415,0.5117248691954965,0.5517529667504544,0.8620763436686263,0.050527179475403916,0.0313799494949757,0.5341427189309729,0.6691639509290467,0.18091307593491923,100.41098045388952,24.00910162390461,3.347032681796317,3.8359414446556346,15.903089802872827,24.595784905439295,32.059602633710846,15.692501730924114,73.05667329639148,64.88213481784356,-0.3366372842469107,0.9416343976591258,0
0.6369254358741304,0.6394885536900325,0.5871353978780602,0.5336468960792016,0.4624498709761785,0.46994778754012795,0.7172034536925727,0.0362481458471484,0.05675574147247893,0.4831712538524174,0.6687263624451298,0.08561502025622095,80.27338166838855,18.92367944078898,2.675779388946285,1.9812100945132938,5.239155485844591,26.378362926236427,32.48579910778107,17.757348422531567,61.85138051718015,43.636785432585285,0.6979441547663435,0.7161521883143933,0
0.49848234646499123,0.19831235380854204,1.093635943635983,0.4548619676713107,0.3659001978756002,0.3903280732391402,0.5892149147416141,0.034545665314452585,0.08897691386575506,0.9554881354191304,1.1545055633057144,0.19473929022527392,24.08555996036901,3.7375782646017317,0.8028519986789671,5.1438123598415295,18.07629534813732,28.484074974029507,32.22802455502326,22.209834246406864,52.19359170160666,47.02360280353935,-0.3366372842469099,-0.941634397659126,1
0.24015164534751543,-0.09023032849951121,2.1384550706521437,0.22988405198226833,0.16054994689781948,0.042241523316075114,0.43484507369006814,0.06067947139431214,0.06679941868846574,1.9547573464554628,2.2777754508734747,0.17652187536882713,2.5709746848712864,0.7170773134025312,0.08569915616237621,28.678087272675114,13.055662046294703,37.949534887808106,42.14555628351336,32.732304605006064,33.06602254777519,13.636113899772852,0.7221165966101162,0.6917713646142218,2
0.5639351238159993,0.5047628723837982,0.7216441092211766,0.5033792742889486,0.42935015408318766,0.4266095547895583,0.6771932628470176,0.03912787456042949,0.08118478407223964,0.6211959051865042,0.883677745913545,0.1649097164802954,61.8725657544565,11.099476845658394,2.0624188584818834,2.371071083287319,19.43637349658785,21.93927785932064,31.5524316708022,17.737420505382495,56.64271598570881,49.69150593827461,0.27123391067291,-0.9625134626077081,0
0.12268057690516627,-0.013178083461831358,2.4546401607162314,0.11418931320512206,0.12529133509895013,-0.06150910409747955,0.2873291769361718,0.04681027264461336,0.08367305139361252,2.391823243195418,2.5288401142186445,0.16875426488026202,11.449614228183158,3.3208796783670644,0.3816538076061053,24.580892733738295,8.88935843250557,40.38887899125774,46.664776553985334,30.74166396202232,31.603851261391426,23.087118529270832,0.7894179103280199,-0.6138561418226116,2
0.2833323547790868,0.08032181724345666,2.429583094597569,0.24670477853350525,0.2055261094784417,0.23137087465289458,0.45032642386014576,0.05257185016007664,0.04127161936218096,2.2615368551162973,2.5154721421137394,0.11363685548098702,8.397830700517158,2.8240597844056343,0.2799276900172386,17.089450341106513,5.673650079298685,36.914072634326686,41.04139613905144,31.91997418647835,17.219896278436213,2.041925117485242,0.647160667326606,0.7623536388483904,2
0.609902134647508,0.6701254171489991,0.8701151207124789,0.526037397036344,0.43365400335563214,0.5147575996054855,0.7329024758612134,0.03542406512606047,0.09382057524107155,0.6478411214397917,0.9244798000675768,0.14797441857969246,107.06629637689103,29.387849139918657,3.5688765458963676,4.621980976882652,6.917083255994948,22.58943389123395,32.21656999369772,15.803098864367383,55.91374169620237,47.291294417349356,0.9691780654392537,-0.2463612742933147,0
0.8098528437324806,0.4679487325593814,0.44891708032550076,0.7144844929743841,0.6332614369708431,0.7167971237562436,0.9574016966845211,0.0731263689866758,0.0944476171715133,0.24930244443959432,0.5553544952641408,0.1968657407022732,53.00935514759131,11.16287676204073,1.7669785049197102,3.661124432047806,14.79150697705452,27.1741233970114,30.712979666466165,24.04022063195039,64.05984747791582,49.05713660833095,-0.8100248628547748,-0.5863955333706962,0
0.1271173031456716,0.1234931671061073,2.006456377036514,0.11014109045295929,0.08147485869171403,-0.01117061145671655,0.19008416612168139,0.08507136762905917,0.07074634858059035,1.9064811350034185,2.1429766422278993,0.10600678393052602,5.280248737528174,1.4141914922792955,0.17600829125093914,20.87911784682656,7.875527396205176,37.51141336194734,43.25431445247731,31.13675873038434,27.799127702291408,15.377769108504342,0.18771856543719884,-0.9822228566828406,2
0.6186394496474867,0.5534027196582814,0.442418857042596,0.5534126283110423,0.44746348175086753,0.46439216672850536,0.7148289408861654,0.050399076200428924,0.05007106281166154,0.2571252695973235,0.6754368707240046,0.13875457434594884,56.5066974724634,16.71311522440776,1.8835565824154468,4.974539113232177,12.39602028721527,21.01990929865586,29.793111960084914,12.546189458550147,57.943777072253525,51.675296400794956,0.9917226741361015,0.12839835514655099,0
0.5793016342019152,0.6695662565581237,0.43468065043758275,0.5040479738174336,0.40627913261817045,0.5097886981823203,0.6490367869710041,0.08493004049798264,0.03081330313238582,0.2756752666581951,0.6155155707323976,0.11705833157096383,115.58125839059424,24.052564025317192,3.852708613019808,0.602834428886394,15.114562662674718,20.414588294579417,23.522352536418577,16.594160954817784,59.548203262381776,54.3324815713005,0.9867305793119814,0.162366141330764,0
0.7784858845986152,0.48398016908378283,0.8451318919454582,0.6976118304656834,0.6016188374612028,0.7194330720000307,0.8834551148293249,0.05728155203507958,0.08153785182705069,0.6985381175283871,1.0607817424329018,0.06972336798469725,50.2064242236451,12.313986413345972,1.6735474741215033,3.400703858801502,19.50150127196565,20.03705618403682,28.275547159697,12.40327357047974,65.87068346509366,59.93221083180189,0.7894179103280197,0.613856141822612,0
0.27093334720784673,0.13356744786596922,2.180237753843783,0.19373393787017804,0.15133964161846833,0.16173433401535486,0.3954301290662724,0.09155040192999092,0.04486640808219958,2.0275946054878724,2.2871598067558185,0.14897312640400923,12.645554203915548,2.0334033258370123,0.42151847346385163,21.209515477260812,15.468824624133024,40.68297018161328,45.959518521235715,32.282960258662726,32.43970192489914,27.395261116493188,-0.9955457941960382,0.09427922177542405,2
0.8177676995469934,0.5734840422988522,0.7885734579637185,0.7580101222922655,0.644499128282853,0.6750443393992754,0.971661592380918,0.07796620078962017,0.0403736497636841,0.5808504650292372,0.8667157635734701,0.16153908742648398,44.8862367883891,15.64963148096441,1.4962078929463032,2.9646996742085157,7.257954279472482,22.014392471255622,30.365477567784154,12.781525850720323,76.84725193906289,67.54945870515604,-0.607057574429101,0.7946578517376245,0
0.740021126953127,0.6670016025452699,0.8930005319114355,0.7075006676528138,0.5648181881529148,0.6537143745737479,0.890911444686896,0.05103408737193897,0.08295227090042362,0.8312903460626396,1.114436383311186,0.12315006029318967,90.23203115927262,15.673351158883685,3.007734371975754,4.079165624953089,7.930774043361427,25.760292292368597,29.15352483380067,18.416975797004802,60.16053179401508,42.215579323632,-0.36876293119226006,-0.9295234803804003,0
0.45269268267125967,0.21244304061162994,1.3964139328956873,0.4097204623953879,0.3505994426381287,0.37120803823332504,0.5153323375946374,0.10277134807326513,0.04777537340497696,1.2871249553468567,1.5458597718996865,0.18365325244508174,36.73954619080896,7.0188705039058235,1.224651539693632,11.120085299594553,9.395899432140247,29.378215102429785,38.352473974847655,20.05486305677085,41.37379207981047,35.49966255640185,0.034327600513243496,0.9994106342455052,1
0.09579238185707316,0.10538389447242152,2.2075354377454435,0.11257720469308295,0.08295869375071754,-0.001394850124860944,0.21789289870283468,0.0627202339813468,0.06116215492657924,2.0746392418945714,2.268389674823318,0.15695252536006687,13.447563764384922,3.3013447657228063,0.4482521254794974,20.50489900622921,10.186899210500048,41.380538535539294,50.08241504467927,37.11480918252253,25.535185753844303,8.285878192462256,-0.9326545075388223,0.3607707992167836,2
0.4391140514563641,0.20599563646627028,1.1068905646477019,0.42454589970375295,0.3240684117579757,0.37174058912084496,0.6074674781385843,0.07548287308553367,0.06881568071886676,0.9460946672036857,1.3476779151529836,0.1440155779125833,35.786691907538106,10.63044553665349,1.1928897302512702,7.3307281189083495,11.530946384188686,29.527220307152913,37.601738689790245,21.241797403439634,49.288282029409956,38.18594231843298,0.926323968251495,-0.376727893635185,1
0.6354521483132403,0.5316914262116909,0.43689828236769945,0.5599937076010464,0.5489675738833176,0.4783391084933761,0.8172294825084425,0.11932351519425377,0.047976258379667965,0.3820599295894284,0.5027795992963053,0.12690015889346246,56.91584055972357,19.356612606156663,1.897194685324119,4.123404829625746,14.415145527342517,23.606714971233057,29.08768961278444,15.033024817443478,55.779578376532115,36.18342640784764,-0.9955457941960382,-0.09427922177542443,0
0.05605151110563246,0.06891101596622212,2.0670327835012277,0.004321903907931322,0.06338855591145556,-0.11275517755171176,0.2270119339926186,0.05925518790526338,0.09442933263212236,1.986220452929098,2.179458438876849,0.07338210462947087,4.128541588966837,1.325052229164503,0.13761805296556123,23.664921550794954,10.26081156822972,40.60073518989793,44.177130331574986,35.37050459091935,30.22917666872317,15.232123727917594,-0.5511016400745998,0.8344381237138475,2
0.06779505907952156,0.13313402145055597,1.8773876249747763,0.07229930952353716,0.010870396889763267,-0.10290119552068004,0.23438939545538262,0.1075893666106332,0.02330995059738079,1.7560001653851494,1.93345547433844,0.15902953490267097,6.483197813775352,2.1053182950277027,0.2161065937925117,19.77281219184583,19.97071629084519,35.61465328498515,43.98055434555243,32.0997999321512,22.815059691340082,11.789701162915867,-0.6471606673266059,-0.7623536388483905,2
0.3103747917957699,0.39056536165228917,0.9492142111268825,0.2767703391014553,0.16606049917598886,0.13648365392898212,0.3742820134173104,0.08647211088894655,0.03033790400821995,0.7378594971971291,1.0498900908927493,0.05286487990305888,30.211052006264694,6.05516463352283,1.0070350668754897,6.674597445179885,16.074831639624087,33.51419531811659,43.321852787552224,24.481069275005936,40.11487403096601,30.313221915877488,-0.7787639308347605,-0.627317096874294,1
0.21328418332296384,0.13599897667765284,2.059475259456346,0.19166618781737246,0.1846565694357213,0.10287743587520878,0.26722884232566413,0.04327966621458299,0.02997888905773433,1.8739819056694538,2.1392097721955827,0.053390665903884,1.5870053913620985,0.3175418144671214,0.05290017971206995,25.691306321438763,6.421256197369884,35.20186219404055,39.76920560743491,30.619167838653706,33.03011238902606,23.72347572511251,-0.5653446739747432,0.8248547748594242,2
0.4307857551742913,0.23513620886997422,0.9995406146224718,0.38661816040844466,0.33815805314219005,0.33395697260633306,0.613506947228889,0.07618709025388468,0.07497519971749413,0.9290347749769114,1.0502810959889552,0.199399047365105,13.33626242014656,4.331909079389051,0.44454208067155204,5.182750697235062,17.866076755821922,33.11170334050507,39.71287038131585,28.3706255839707,48.15432294551907,28.725999364633452,-0.8906165093267404,-0.45475513555610575,1
0.05501149988314118,0.14358736413100767,2.344402343190532,0.043144565467831006,0.04353447341980954,-0.05614938254559808,0.21892580562661418,0.0636167697808567,0.08546521693234174,2.171158863931704,2.495055123370695,0.18531833573680817,6.16213501514521,1.7225254557895202,0.20540450050484033,22.35006376146515,19.477235359982647,39.08680838511905,44.25709131623895,30.604258185752958,32.20506572799408,22.705457105676096,0.2045520661262008,0.9788556850953578,2
0.6255346887476093,0.4968869418823738,0.8455715568490356,0.5882196498871283,0.43932053532245163,0.49434023845244873,0.7928925113563503,0.05111778736699082,0.07900066875672056,0.7231244685185779,1.001051481273571,0.10082909740081275,70.18273304836981,12.986918528448586,2.3394244349456605,2.4757326350698716,9.356657799217832,25.891553884997784,35.2880729921106,20.21196253394307,78.42074348311895,71.90607188085254,-0.8100248628547748,-0.5863955333706962,0
0.19494161435856827,0.02514522236207467,1.5546846207533656,0.17934860862030508,0.12849825556504607,0.045318699600395945,0.2770026536677366,0.07525587557991781,0.07895970493816179,1.3531921160852278,1.6838319934267094,0.17648930642326466,14.174505954601141,3.1755086677384115,0.47248353182003805,29.543353128347782,18.51591717607088,35.58362535657828,43.72658139559417,29.37197667669503,21.83731203524701,7.305454340963658,-0.6339784927628872,0.7733506777097294,2
0.790659094226212,0.5477553081456592,0.7772714370423413,0.7074087473287003,0.5975649668306706,0.6792589932789554,0.9649915991086033,0.05131835030770338,0.09973574830823814,0.6864643101165615,0.9363578109237223,0.12031519481967588,87.19341494837064,17.298774708605617,2.906447164945688,2.088833910836669,14.852559492463826,26.516597761851056,29.61281663993047,17.338678624444626,77.408395463028,71.60817550819453,-0.9937806700284985,0.11135519690480827,0
0.3867214940910964,0.17393226368609932,1.1678651530779294,0.3457690223769952,0.29366697693911425,0.25206218704024796,0.54489134769462,0.08659856072893579,0.03917166279660453,0.9844780695664859,1.2696574740829245,0.10275801670184785,39.26419084942066,10.77704609810283,1.3088063616473553,13.532424691971176,3.9706109286680267,29.894339962855177,37.011345909962365,24.861762475453034,46.5795529310829,38.39888019033829,0.9326545075388224,0.36077079921678346,1
0.3840017647475272,0.1541890761230956,1.4464816025818878,0.3293440076547866,0.26652730067840225,0.23449738464532494,0.5261217411756549,0.06985464333458917,0.025946768710885717,1.2520383828471586,1.6169328630573392,0.13733561732038796,14.140464610601551,3.9885607800896734,0.47134882035338505,9.022237348471123,12.345997371522339,28.81521251337199,33.06037108159639,21.41310050247885,48.88034828211484,30.012934040504042,-0.06861473800213432,-0.9976432316860063,1
0.17346229892702508,0.1323764263420372,1.5333231994395085,0.15422392829852602,0.1172044533973471,0.07704742828160259,0.37264617001848604,0.03911386628886687,0.06436775084367918,1.4455990956309823,1.6178012931066517,0.18503522861481647,4.5073313794895835,1.3784266226384243,0.15024437931631945,17.44164151538053,16.986750251007095,35.404410800994185,38.57360326592871,27.72885358915773,31.6827732104717,13.006173982891212,-0.30411483232751857,0.9526353808033823,2
0.1899984178658895,0.057712759661277924,2.306495946105245,0.19864629288671126,0.10467135291486696,-0.0028979017542397068,0.2581153462307763,0.10846796212658502,0.07280951223969392,2.088286949602733,2.3738685277024816,0.0878403634401269,5.9866402586209375,1.4846050703836249,0.1995546752873646,27.749813897535155,7.314559923451866,32.098468250120106,36.08663048249932,27.17593090004069,17.22069846047719,4.6126394089599145,-0.9691780654392534,-0.24636127429331536,2
0.07904514356352228,-0.044479452947752546,2.06503252497595,0.06560223332573338,0.05205350878326829,0.027744780086752623,0.1670262658098759,0.06787895247688855,0.06157343171727439,1.9017197243299218,2.167646467742658,0.0841764782114751,0.5632848009006841,0.13402299865997477,0.018776160030022804,25.469576863854204,6.861545695112557,35.726051035770794,41.036833620757484,31.724626260337843,21.55309927367231,9.1544468346706,-0.47753588643748845,0.8786122450571482,2
0.4453542763955052,0.3493027681446907,1.1387305053342138,0.40054961966424163,0.3681742194402425,0.31232049649615146,0.5934222890641745,0.08857498994053364,0.09891899212573838,1.077311637752625,1.2835457581557854,0.11103476470859419,15.415546851772708,3.38793767824117,0.513851561725757,8.258813426157904,12.712661084522786,30.274459560846488,37.41392148921895,21.42324070396279,41.47461651220847,24.358527114197756,-0.998195433059714,-0.06004895851494849,1
0.573093972948638,0.5504548884061599,0.8933197892505877,0.5063427640998317,0.3931991069340537,0.39407561337025726,0.728796087359135,0.06194966752487435,0.05155810228560283,0.6823219893144338,1.0499255626998156,0.15539506596282748,69.14158888384604,11.690449854938112,2.304719629461535,0.8694762460974365,9.741412593829374,23.178298324482938,28.224980097368288,14.916069377712056,69.41291188785634,55.31020755475425,0.22132528438243257,0.9752000402445825,0
0.4893661113626795,0.20272155692019703,1.2966844070572179,0.41693686668726004,0.36449990980336466,0.3078740373102957,0.6106739896660018,0.062374787571924266,0.04134176508991391,1.195665720490742,1.4316410753620552,0.05762038845334134,27.391934984025763,4.724483877693584,0.9130644994675254,7.7450667350707825,6.36605151522841,33.36180102398625,40.11009504612562,27.89296318279811,42.71879021873855,36.561624607447634,0.9990791668951153,0.042904758199554374,1
0.5610660842063598,0.4235369144026798,0.6769271422006604,0.5324482376491402,0.44433769179171057,0.390806871745891,0.6716871324540148,0.11343008711318657,0.08197228249449455,0.4605877334655057,0.8732264402687329,0.09402332348121825,66.19978817423316,17.630622744794252,2.206659605807772,1.7390460395109653,13.748796611839877,20.90590436672604,27.445343440679753,16.0022820907969,61.556601107495624,45.16721350371852,0.2045520661262008,-0.9788556850953578,0
0.7782355145850692,0.5710183510268094,0.42877938000832216,0.7238744558782951,0.6263590800218001,0.6254007215007236,0.8756589303315818,0.09256300986428344,0.020969661971511462,0.3004742403727563,0.586519739598865,0.06407859272350344,51.106173811952814,10.194049505983596,1.703539127065094,4.955843130684883,17.26295457120618,24.960582047428108,32.05172441573009,19.373562651440697,77.36380567235229,59.791481047522645,-0.06861473800213432,-0.9976432316860063,0
0.593468461627367,0.4469311128013258,0.6921571559615501,0.5445440640322171,0.4665627856837625,0.475620718949622,0.7661435940536203,0.041494213527171135,0.04120371426600032,0.4676111058646298,0.8363907357481131,0.12611179080767135,46.9536230469939,15.439236826971317,1.5651207682331298,4.2529086454712095,10.344321769106603,24.730203485959436,29.087244961517683,20.39371739045793,57.664956328344296,49.17736644522682,0.6339784927628868,-0.7733506777097298,0
0.1207214774465913,0.03267379744088034,1.6774094701211824,0.09784732252173482,0.10966600252980062,-0.07409012745870046,0.2344233293093601,0.11480103475420496,0.08597449913823492,1.6162749071303872,1.895712614933607,0.09670631632449818,8.568208644221963,2.8174109064886204,0.2856069548073988,17.63400209562776,9.619256176483809,38.427736616182926,43.19407464707552,32.680622676384935,26.633026653460135,10.799297982196236,-0.9990791668951153,0.04290475819955435,2
0.2694282401742349,0.10297727873997617,2.0409862355280834,0.2484052306898088,0.16946463901382783,0.21819849200459057,0.4069415424516852,0.06365350827361055,0.04215982547637728,1.9634336496483795,2.281093130433717,0.1366603655241263,2.0547333346429175,0.36153535754493604,0.06849111115476392,28.01215535243959,8.019430711461556,33.261950910262364,42.52263244486535,28.43150058416903,28.450448084762787,22.22809842512364,0.8826787983255476,-0.4699767430273197,2
0.5690675050858072,0.655902836640208,0.62422276098916,0.5099685584987098,0.4326083261553817,0.42513445684109485,0.6358554479954663,0.08777743503989394,0.02088250115429178,0.544445150922671,0.8483384459983614,0.0552005400089725,118.40260602283817,39.25990754112537,3.9467535340946056,4.749805919751127,12.555237504843708,24.34842288891191,31.158200651707794,15.72172107255778,65.23529130478101,49.65820412122257,-0.8906165093267404,-0.45475513555610575,0
0.47928014211804837,0.3241737778591871,1.178440013642703,0.43095490695008554,0.3905366464351438,0.3627144412542116,0.5562201093340627,0.07630406420808349,0.09112097520887676,0.9525751209701907,1.3146367594123436,0.11880576735013075,26.514153313088215,5.885025330330143,0.8838051104362739,6.080289574915793,6.2224436451279885,29.189108160831335,37.841861948617286,21.48312959323927,47.40742504247442,33.01595351266872,-0.9937806700284985,-0.11135519690480865,1
0.8005907486767714,0.6273538331393107,0.43886731848249244,0.7127613047473165,0.601969692563259,0.6321359726053994,0.8615701372420379,0.0702482286454352,0.062424170659932665,0.3570856849486217,0.5584556007989258,0.09640590767941731,58.97814333887956,9.686078209373452,1.9659381112959855,0.644349337367226,7.492696473696868,23.617743527118456,27.440602628169998,17.591319942295026,57.28955183316585,45.02148190696569,-0.6855476064742154,-0.7280278011569848,0
0.7107324052224275,0.47431929685034724,0.5766761140130264,0.6435538885945603,0.4890235459442475,0.6101980364567615,0.8167201739668286,0.05749718795922212,0.08197070245102304,0.3807744682825471,0.6746509365642154,0.15710489667002847,118.92121990343837,38.17442991170086,3.9640406634479457,0.14623641517279573,8.89091085519621,22.775625615169822,30.63327274874092,14.882983815758124,69.75576667172717,62.43188700457553,0.01716632975470737,0.9998526477050269,0
0.3480774740084069,0.2844457336853441,1.1667169518300957,0.29008983459708626,0.26178309006781086,0.21379790553697908,0.5168611725777663,0.05120294054202097,0.04173313530909244,0.9434802100562898,1.3832557010999798,0.11529390862814512,33.89525559171125,9.598172173482013,1.1298418530570415,9.158613394079476,19.055882693994644,30.616656762069017,37.89177921958136,27.24244577383529,50.81382203800336,31.29772271811707,0.8744809578310397,0.4850598461951962,1
0.38535631740107457,0.3145137459653052,1.3748781245337114,0.3984968226373205,0.32607601349631865,0.2812972113929579,0.4558830923890281,0.11585506912443984,0.089801596146349,1.2104437321769574,1.4463226033754089,0.18566792173437413,39.89696968866947,11.58867313640111,1.3298989896223157,10.129793498209075,16.90240332002013,32.12450230043499,42.111867681779486,22.592958728971976,39.16799147236663,31.58275326019218,-0.47753588643748845,0.8786122450571482,1
0.7620572031542852,0.6821375753058743,0.5946008393670816,0.6853233676996782,0.596295850305743,0.5824034656783396,0.8175579171943166,0.08614733922089157,0.03045683013921596,0.43375553654067833,0.6848735957942765,0.1854342492787981,71.72342258570161,18.928381845706983,2.3907807528567204,1.4815406022799504,7.659217018817247,23.513079268561746,31.642213592064902,20.044263984384845,65.53561376481245,53.03022207157905,0.7894179103280197,0.613856141822612,0
0.17590498449340036,0.0678053890865794,1.5357662430149353,0.14179719612439787,0.1408960125714077,0.04401960060337923,0.27074714370536745,0.04065186911939288,0.06722505378600549,1.435534562743278,1.646710804225531,0.15824728163776042,4.5524434768352275,1.497319816475862,0.1517481158945076,25.3628025650972,7.9793976939293945,41.86696796080424,49.34428783302073,32.32520908931582,18.399796260352744,9.948507634052715,-0.22132528438243296,0.9752000402445824,2
0.140691783284369,0.14033365779870155,1.7794694412296486,0.14108978190139101,0.18137586900222458,0.08080768055258103,0.29310087795366574,0.06593935317523593,0.09533065451881624,1.6391879071429347,1.848317511325098,0.17580458604425758,11.200064471799555,3.533360933039992,0.3733354823933185,23.43567570576603,15.128853122230497,39.10987941463683,46.88839359068875,33.173101902949846,28.7729010452878,15.682211274865653,-0.47753588643748845,0.8786122450571482,2
0.3747142838147577,0.355106705064755,1.0506480621991008,0.3004586443763596,0.24914051218888777,0.2794948248959376,0.5372372682294846,0.09456264777327301,0.038425537974630206,0.8502891447256495,1.137332790898692,0.1779692257865355,34.47308213905322,8.565883578951057,1.1491027379684406,5.811642244637145,9.948643967744975,32.57081045335558,39.7541027898828,26.262779482048586,52.725764329114355,37.89132314739959,-0.9552106508146316,-0.29592670134728966,1
0.7118026725746952,0.41078268213902264,0.6792021248679025,0.6797893544016376,0.5315790758349577,0.5564329269930797,0.8875199660219117,0.0591900377803838,0.08726972635407382,0.5257483135795806,0.7696052585484006,0.12593990892428042,62.1502118517763,9.880781127189643,2.0716737283925433,2.9004310391890558,13.622859693318981,22.765567948031354,28.633265321663302,14.515723358866857,69.93532755425771,52.895722868963766,-0.5794210982045637,-0.8150283375168114,0
0.5473579414449079,0.17329902989067367,1.1993826701482595,0.471975250532865,0.42862204683929384,0.3952570854610473,0.6492367701411983,0.05257861245444995,0.0708505598912032,1.0442936448758235,1.3015150011148469,0.08256548442048356,15.855914937156475,4.509346537127522,0.5285304979052159,12.378804151687424,6.7106443792853945,32.12314063686638,40.052369530229214,28.57485125082185,51.06489809329612,32.52688985371749,0.7101350157125358,0.7040655221348057,1
0.36156104024265,0.32442907688832323,0.9766647916739943,0.32494856100377806,0.29212243321117015,0.30753089213590973,0.4888568184418065,0.046991462499610004,0.04426263515236217,0.8212547603754816,1.0434573043633397,0.0673640069369487,28.432000222939713,9.200405585222722,0.9477333407646571,14.158075833506722,3.066539797501641,34.95857158251903,40.103363171052735,28.779070644162296,36.27369535005033,20.25904551530372,-0.051478754770346045,-0.9986740898848305,1
0.45094924798227404,0.2636007886199882,0.9680644902623501,0.42162775686926396,0.34766928378383116,0.4003736761561039,0.6251457175076118,0.09812348934072973,0.0238331094330667,0.7995252769337745,1.044425856241686,0.05423431394760596,24.979088380429758,7.273836928257385,0.8326362793476586,13.77452126603169,4.114844234992818,34.7746191635394,43.00852276163103,25.792285983020054,38.649160813049804,26.021249336446218,0.5794210982045638,-0.8150283375168113,1
0.1556348450559637,0.11872430864948155,1.515853545373567,0.18203202292594323,0.1325729982281017,0.08830716003991637,0.2103778507915833,0.062059018552848226,0.08718117792308824,1.35931122096577,1.6336797084705077,0.09126916360641382,6.536015352649614,1.5557385792480622,0.21786717842165382,19.859689120651495,16.703396811713766,39.4412668571437,42.80588220563376,29.91655029894315,32.962476694257575,18.0942176642096,1.2246467991473532e-16,-1.0,2
0.09824600198475715,-0.0042656544270957275,2.019397685283468,0.07447474301453091,0.07268097526107312,-0.05007201648927749,0.2691477585580298,0.03974604208346251,0.08514407869372703,1.8121333240562525,2.269296955367212,0.16819113810093506,14.579262678897084,3.5553669276191213,0.4859754226299028,19.025096869119864,17.849043907952073,34.39709078242445,42.85890609886779,28.92694932889411,17.600525113002654,1.9212302920193984,0.9999631612477099,-0.008583481082086933,2
0.35999734096748937,0.2495569484895029,1.0170053882631696,0.3283077473344226,0.2964240256464394,0.22362946155132762,0.5383975022014623,0.0632418717080489,0.02636840615940045,0.7731072083819339,1.1819218277735455,0.06960089456198937,36.80905760038401,12.02325943152242,1.2269685866794668,13.62076142576597,8.876167904211608,31.67429990708087,39.49280328147647,25.111707440015863,51.32158084686702,34.83679579628928,0.8906165093267404,0.4547551355561058,1
0.12451439294870238,-0.026896229028938012,1.979519237111354,0.0927079110839579,0.09961269432163695,-0.05234189430880669,0.18409434894985596,0.07917789111240925,0.028927513981333378,1.8026122504381323,2.162479245884771,0.14637977530090496,0.23171141599616918,0.03974135287815457,0.007723713866538973,20.110281353622025,15.554227527163798,33.02264280997116,36.74545447602374,25.16731934549101,33.53095561501951,19.602952901437945,0.2877167672261668,-0.9577155432887804,2
0.5261915854200295,0.27511932896667957,1.4782938965270842,0.4868632977290909,0.3958807996205195,0.4414517317054447,0.7016539249070081,0.10160942075952978,0.03051299062842148,1.2704746741973327,1.5456504873400823,0.08265873481983535,31.971653397926644,6.200468214890798,1.0657217799308882,12.227846006215213,13.364714041242657,33.297306631728496,38.85390211552667,27.397017533587043,35.01858833739922,29.942406142763314,0.6070575744291002,0.7946578517376252,1
0.20649597847948842,0.08328825577664634,2.0164443419028215,0.21104608532078395,0.1094335067037428,0.10717570779272037,0.26111225521836245,0.10245133921062631,0.07966913906922664,1.8595672290557688,2.220470600288605,0.11317037843637494,0.6699182456834812,0.20907741366192711,0.022330608189449375,15.0237696669951,12.362635775148227,32.69174190505417,40.92196109883173,26.73293335649705,21.561393689713157,2.1363921069757126,0.9197204370389467,-0.39257396461417177,2
0.5182548485074291,0.322601430477768,1.2552101056734377,0.45559361562901696,0.37804274947436267,0.40362610720008846,0.6608377859565978,0.04581048899603196,0.05163346161939025,1.0718229086326563,1.3594962785286484,0.12999625436881113,25.757752563447497,4.92819568958978,0.8585917521149166,6.218795017813836,11.893686013701705,34.73131064932316,42.94800105253025,27.00006228951169,37.86322715622386,31.349011931683247,0.6855476064742155,-0.7280278011569847,1
0.6413841307520112,0.44848861422838415,0.49789556739464824,0.6025598744941041,0.45796382757038945,0.47893635599057244,0.8013510841143033,0.058017692924040326,0.022064952555958958,0.4124098135007069,0.5992015798834978,0.06664842038202216,101.51899321444084,33.85629679881853,3.383966440481361,1.1500441864385151,8.53001727839153,24.260715460412687,30.117777296479574,17.021250235148806,58.881006148267815,50.40073344363566,-0.5794210982045637,-0.8150283375168114,0
0.4592736752061106,0.2610288116240831,0.9209635478435931,0.4015285604368831,0.33913645370888573,0.30478946488450365,0.5891071064345397,0.11312983537946873,0.02461928635736288,0.8206021946334168,1.1499788596759621,0.15346868709692996,33.024964917721164,8.195543333784828,1.1008321639240388,9.62593547105153,18.332462719731108,29.98354848223783,36.79175823929986,22.405005611547598,41.54841917466896,23.973125613933718,-0.8573146280763323,0.5147928015098306,1
0.8415346248162882,0.6927556238387603,0.8849394133538195,0.7563532878628896,0.6157545616180685,0.6511027878797346,0.9525708189247187,0.10159049647107563,0.020968678018790998,0.7173855411813799,0.9374609173489713,0.055508204375123174,59.39764029077837,9.372115635246994,1.9799213430259457,0.3806542974515009,8.651754671528105,24.85372037106285,33.37877030930065,21.31491868539673,66.90126005497748,54.864651889263804,0.9970175264485267,-0.07717546212664618,0
0.26033492975151207,0.04317070396417236,2.1397752015704223,0.28159610646843286,0.13900366648140294,0.17178616945486994,0.41019224504008317,0.0838707915142479,0.07934661709829277,2.070067748136874,2.2950790911170698,0.1158815766397812,5.756868838602711,1.8626718078031375,0.1918956279534237,26.500578569952225,8.058294942836614,39.73800748569034,49.44796482819622,33.44598814876811,19.984075411825746,0.751117723403798,-0.5221325810768248,0.8528643314021598,2
0.36236455107330806,0.3282114989652387,0.9110316852909583,0.2902935075693,0.2394641469150658,0.27633163609205025,0.462954585481442,0.05796437954803027,0.04583917465414947,0.7248410270102431,0.995471181175685,0.18949033911111285,21.100735724284476,5.823264569899873,0.7033578574761492,14.178408830935531,15.314568051966758,32.70672868959093,40.372409512088616,28.77944601146595,53.63395947362338,39.274566832143165,0.8982917515547528,0.4393995096591417,1
0.2901786879174543,-0.006780872699455542,2.4339513385827183,0.2849966934734998,0.17324467924458808,0.09341202909441887,0.3910277834416903,0.07945406161606383,0.0834638461358988,2.23083037493116,2.5471104674843685,0.15018867103941272,3.9186769868037357,0.7181459144696669,0.1306225662267912,16.516328912613222,17.028654077781333,37.20182935732394,44.7484028118374,33.53773436859768,28.96545187061093,20.111984779942482,-0.17082974322534417,-0.985300562686109,2
0.3230419896181081,0.21997316306160672,1.3361032986289425,0.32564880485919756,0.27707444107213425,0.20614865785429282,0.4165485938448061,0.03472335390897548,0.09021537430622786,1.2586578693055683,1.58206400570513,0.09032853693562576,12.957826907258095,4.43101647069925,0.43192756357526985,8.632727963988994,6.532437899980815,31.653190297105603,35.403918131576525,23.473065695998113,53.5241040376869,45.88734680023117,0.998195433059714,0.0600489585149486,1
0.6475990992289793,0.4731968930137251,0.6063088384557133,0.5746229035469896,0.5684891255890668,0.5749404154618443,0.7172301483367318,0.1095785817013567,0.03913440833727405,0.46399734357175526,0.7532480958817227,0.0922281797622395,42.30261410506712,7.7477219105064465,1.4100871368355707,1.7535590772585508,15.145210789211118,25.928965194320472,33.22200698853213,17.179246654015614,61.079304774986355,48.16414278166093,-0.0857305001556945,-0.9963183634476755,0
0.5983663861762014,0.5949891792333295,0.5853210735334455,0.553487952680932,0.4443413800676269,0.5424235623739478,0.749381251174939,0.07671538118174433,0.08280132350696455,0.37031119149743313,0.774500897167206,0.12685456663186861,95.23158629034923,14.840314516283003,3.1743862096783078,3.7911923785204564,17.71002790145151,21.19933941879019,24.35273272021525,14.573282953957815,68.85445006289484,50.61072781511401,0.8199717629247771,-0.5724039727378148,0
0.6916644775485847,0.567040378737505,0.794809071397277,0.616588423433143,0.501265598433091,0.5694361248217022,0.7599809646500888,0.07470901729732524,0.030968776458319927,0.6003948837567296,0.8578499896493754,0.1747060271578565,50.310377752851934,9.173306868713324,1.6770125917617311,2.3370075562493486,15.485546845285054,22.67924491725669,26.158455952591737,17.22560117725356,58.50282939416131,41.81629059822451,0.5221325810768248,0.8528643314021597,0
0.07349773235415051,0.08237923214328052,1.7636054398068814,0.0813241528190479,0.05686797266112001,-0.012514972936346083,0.14717234128131895,0.0778440674116104,0.06693852219118016,1.6454744243494215,1.95862406460419,0.17045843268367683,3.660960164508769,1.2641222478114769,0.12203200548362564,22.990285210707235,10.385195409174482,34.6230493138444,41.42820709310058,29.062648681103244,31.727684712624512,17.055105772321568,0.7894179103280197,0.613856141822612,2
0.5674250836504598,0.5536279174897842,0.6370869145436626,0.46764626725882774,0.4067672960001459,0.5164672028929348,0.7636440579724774,0.07671736066225962,0.036680841148586864,0.47060238290221335,0.6984978587739135,0.1206930751097247,94.77849380431034,21.761242509120763,3.1592831268103447,4.364729179382041,8.647247562965278,21.386988762358037,28.612449166273663,17.802108399783208,77.8711475267025,72.28645771678555,0.8100248628547752,-0.5863955333706956,0
0.22085862176347926,-0.040393205261629095,1.5553497892180952,0.2165434148433723,0.1672975100212953,0.021933997946774697,0.37985919215221114,0.06559320252284911,0.043651066542370894,1.401184043109947,1.6626230027955269,0.08732244730073332,7.688758546987657,1.2535748347528517,0.2562919515662552,25.54640855639149,3.7912058607241574,33.12796918866577,39.360361753439726,28.333917052603518,29.532088746637378,19.713475579808573,0.9970175264485267,-0.07717546212664618,2
0.23291989969687044,-0.06284169610552875,1.5999852474837768,0.23406427011617056,0.15325645149389888,0.06037624658773108,0.31511559413253476,0.10140929236986254,0.07310387136341347,1.5492317085736702,1.6856376037815315,0.1740355316040453,4.466312305083665,1.4392543227743346,0.14887707683612217,24.11564712340507,12.809711653830426,34.69052228742163,40.91732665321117,28.269403404580615,30.420767404897095,21.634299493366495,-0.999668467514313,0.025747913654988634,2
0.09402065825792906,0.09734483140089426,2.3824701949431355,0.09708053410512463,0.058901716541660265,-0.01697021969898531,0.1964981936715573,0.09226621919513714,0.06616978159315537,2.251597308946906,2.4484414798595866,0.08155798317411861,4.348210193007895,1.3018615233933908,0.14494033976692983,25.558701391921616,19.854338756487497,40.216493338800724,49.38033173517342,37.17102822680593,26.648019297358797,8.706191112287936,0.7998392447397195,-0.600214280548368,2
0.6212912631977199,0.6864595841989583,0.6278283763928565,0.5552639712708943,0.4553472260700592,0.5342257780961979,0.7307171669391082,0.05368013129197585,0.06997308550834111,0.5511323819096677,0.744869985867031,0.09120972882792794,62.702072463897956,15.644666842173086,2.090069082129932,3.0930568910759213,4.926159580366892,22.667993373529153,28.742467582277175,13.96341527374538,61.16005083097767,53.00244673599752,0.05147875477034673,-0.9986740898848305,0
0.822479765789996,0.5226858833242809,0.6272705323838866,0.7391339091986707,0.5814354398832317,0.6903409093669356,0.9921518131187912,0.03802119889044149,0.07282421757610705,0.5254111806107319,0.8193190921085489,0.06707575902149021,103.13369908858706,21.297027715638816,3.4377899696195686,3.9871301080346404,7.723497193525109,26.959170896497028,33.832769224745434,21.687588295269634,63.35609727042402,53.46228849980682,-0.47753588643748845,0.8786122450571482,0
0.3138812582022876,0.3048097580133954,1.1025194795302913,0.2563004651082428,0.2503083937682135,0.11843886736663689,0.46593892026666595,0.03078994907531365,0.07001729000251505,1.0275968023946258,1.212507177489904,0.1572429235327666,19.600819496871758,3.4325567164236137,0.6533606498957253,8.261078525125734,11.551743708469363,29.395881184309744,38.57132134489868,25.988358599782366,37.57192971921105,19.455674664210875,-0.38466509970700097,-0.9230562068841761,1
0.13894828195524828,0.08356800763267885,1.5137331880825782,0.18451495946712915,0.09700948180118034,-0.030683089892750703,0.22095274216019398,0.07520473781358486,0.028165993981287836,1.412772534876239,1.6754745870017975,0.18721277471381043,11.534702928429443,2.2550134082840954,0.38449009761431474,20.674108405243096,9.841567353541073,40.929645917048276,48.406580603286,34.869776000868185,29.322975577513894,16.072394462534835,0.30411483232751846,-0.9526353808033824,2
0.5318387951465744,0.3433930254326801,0.9732669095545727,0.4911842374674687,0.40891289828284094,0.3574661991039534,0.624809855808262,0.08590676899746749,0.021923298989315027,0.8905561506485352,1.1781813261894456,0.09157165278100399,20.940120287030098,6.857645193471006,0.69800400956767,13.634846083691153,15.223330533769149,31.117705681845106,38.2291402205463,27.425592283206548,40.072255417194164,34.57803739351122,0.30411483232751846,-0.9526353808033824,1
0.25825155380027154,0.1305122005317768,1.8183520221360108,0.25075421530106773,0.10200830050625523,0.1252280132704479,0.32131386123898587,0.05361670403136705,0.025037712698696035,1.6697483804397102,2.018948345595234,0.1931602264746599,3.8882300065797972,1.0554440548928012,0.12960766688599323,25.156595492944174,8.661667001177701,40.75371263327233,47.40175497180796,33.52656670590371,30.16605234421037,13.160642539361426,-0.938710189261944,0.3447073839879342,2
0.5561753482887408,0.6072813214307398,0.4866009349550076,0.4979326741180206,0.43888438482199554,0.4114033192362405,0.6170051096356172,0.06421760569072713,0.05044986347812641,0.4109817856817676,0.7178518510592149,0.15142663431131512,115.98399306335392,23.1180138172409,3.8661331021117973,3.4613828225892624,5.577116271601689,23.283174615917293,28.36421014806863,18.59241672400552,55.32736141470834,37.005588580697804,-0.7567706633464628,0.6536804747720056,0
0.22240962991472651,0.10805977667711039,2.374605794503166,0.2110232902141415,0.16362305214130493,0.022512189686269557,0.3073973836046853,0.047613697647490905,0.09467528057366868,2.2868319179400562,2.6039200994970213,0.05213032342561471,11.384936437360915,2.006301792791184,0.3794978812453638,21.358958025444995,16.811755016121374,33.298988045368105,38.42563792552268,26.711665116531485,15.983052574494208,7.988322945153862,-0.6339784927628872,0.7733506777097294,2
0.7025712073494108,0.488077553279348,0.75048456572956,0.6423309761133589,0.5134227275665157,0.641704174180227,0.8299106116362984,0.03714774320900879,0.059059290961742256,0.6875138468329663,0.9590554495363279,0.14028851465226977,62.287227122556686,12.191812570148466,2.076240904085223,1.7506262958336505,11.581525171176978,27.014125094093995,33.00733443001736,18.604458081061633,68.14225455756714,54.249651849945494,0.8199717629247771,-0.5724039727378148,0
0.7369894380482673,0.6899964457131008,0.686718944061643,0.6634189396396594,0.5789737539575823,0.5602719538307341,0.9172301301252561,0.038614309996814554,0.07868915044491216,0.5631307938012261,0.9122849596920513,0.08592652548643073,60.659551063916666,11.405301597526941,2.021985035463889,3.3982364134653493,14.919887647034415,27.19659658619655,35.95748322148892,23.67785862817248,61.701591020571904,47.71205927848034,0.9970175264485267,-0.07717546212664618,0
0.7552699079536471,0.5819287178978769,0.45038900068871335,0.6991320611688171,0.5913366762231878,0.5915304285642937,0.9126436526559605,0.09445356068008742,0.09704920892713391,0.2034550527838117,0.5400085272406614,0.11905374068028896,107.97179125419292,26.344863724422613,3.5990597084730975,0.3847660081460458,16.885250930595813,22.692834225551366,29.77331662318121,17.3323881965911,76.54464052533794,60.07933972879153,-0.5366961939916011,0.8437755598231853,0
0.5244358916274314,0.22938864496737543,1.0729509463004212,0.48297174080591765,0.41709737098888405,0.4663685970008247,0.5985249458839277,0.07386656727907268,0.034081980403290704,0.9146784186211948,1.2258633043700808,0.19113144012420635,19.7705440619186,4.220176776108373,0.6590181353972866,7.122856416685913,14.99105829330001,32.5913231916888,39.340943623785584,28.642861559186887,47.93674457852762,31.212212896879464,-0.9691780654392534,-0.24636127429331536,1
0.35387518971688775,0.20106168972804186,1.07783520412517,0.3299888860962078,0.2389400684077887,0.24219457963510962,0.5301912190894145,0.05272773506728,0.025112075363869907,0.9241792599874278,1.1935493306716287,0.06917177665405741,24.40142131930257,8.34635034641976,0.813380710643419,14.338659428462488,15.707720499902106,28.168771353860667,36.130366208203746,19.156880269960844,36.2185744344144,27.5841744964074,-0.5933267643772321,0.8049617075821958,1
0.28945755436881915,-0.05253683493225772,2.056732307759218,0.22609171270851766,0.2731535949950594,0.09978948657731651,0.43776990888924744,0.03425920771227792,0.04788073198256684,1.8623128185056417,2.215823646837716,0.1528560843929114,13.699495674000506,2.3268015176241708,0.4566498558000169,19.996306970077157,12.415284967888516,37.72054639181381,45.46562670421803,32.471088690485765,26.17244673732379,14.195592750107096,0.352752086549095,-0.9357168190404935,2
0.4973730746060131,0.34540386979909976,0.9490003655160578,0.44986229711553805,0.34259071470520847,0.4304465965284699,0.5569550397206485,0.03712918350075337,0.08972687062899252,0.7961956915407559,1.0817415718980639,0.18485359739742263,26.75056945192341,5.757289961150294,0.891685648397447,8.146289089351988,9.502235829904103,28.414239503044794,32.81866413407081,19.752688690695937,39.62559856631911,31.257206527285668,-0.5074150932938452,-0.8617017599480683,1
0.092564788031359,0.08154737096552628,1.8923821009327213,0.08826039675381034,0.06115736864035652,0.03874388427109292,0.18643105871978638,0.08032672919818634,0.08165140216118096,1.7036059631910567,2.059884596818077,0.1269857858144689,3.8932564990962386,1.201465308732469,0.1297752166365413,23.311930743156843,7.6705162720371165,32.91251659119048,42.05734176642134,27.929337243573542,17.534254704684777,6.317535679152584,-0.6979441547663436,0.7161521883143932,2
0.46334587461967014,0.28291525594112077,0.9180127992894431,0.39854183882086647,0.2750393845807882,0.29029726139759,0.5285528509901497,0.03292059691116081,0.024724011556661755,0.8509591309671076,1.0381683238915056,0.14481801828734772,24.761634681472017,6.774122877903637,0.825387822715734,6.218880825322705,12.361738355000995,31.800986928236885,38.44179482975365,27.688513560327685,38.6234370170004,29.491988462408305,-0.06861473800213432,-0.9976432316860063,1
0.4870402065969214,0.2284266280130163,1.4545722424767966,0.4620244951637107,0.3455268599673222,0.34757511340307234,0.5846485341011042,0.034235254151401696,0.05346766459950064,1.2834214963726098,1.6403497099145536,0.14356155891313938,36.098134986930674,7.006199553057013,1.2032711662310225,11.740175348839674,8.176894215573515,32.42961827463055,40.435575712308776,27.613820103017574,39.871422517292636,27.88883751938044,0.9552106508146316,0.2959267013472893,1
0.26073749828477677,-0.021864086940819455,1.9699784346577944,0.24625336318824553,0.18011214642520376,0.16134170135508685,0.42647582795494887,0.10428401800820745,0.06991111545303763,1.756814330005201,2.197490926340331,0.18821504435366804,13.332637676077978,3.2289535839548233,0.4444212558692659,23.143895836496768,16.21657568030799,36.27914690187785,43.29679986283066,32.34568285460256,27.98457559081927,19.90874918953673,-0.28771676722616696,0.9577155432887803,2
0.732869300193969,0.40760522302463725,0.8846512678095495,0.6168688858949982,0.5490741637534449,0.6319517713125481,0.8319242744284548,0.07859614172525037,0.07290964888563316,0.780037105814987,0.9721336566290659,0.18976305791492248,49.5809705455401,11.766696638369023,1.65269901818467,3.390080762795318,6.382866362310425,27.878729591698676,37.466575279434394,20.032217134471267,69.87694826750638,50.36052628846295,0.9990791668951153,-0.04290475819955447,0
0.1584445686017884,0.05761202891449749,1.5464336554828124,0.16824702014631143,0.17961243842639527,-0.00795195887049796,0.26263452686268685,0.08876934583875459,0.022777292174711566,1.443919181195621,1.7211592220550758,0.07299442407730812,9.135434170603737,1.4090351996589152,0.3045144723534579,26.188383975982234,7.875814621149275,39.3880138326819,48.56000253293898,31.14806080350651,31.060120609180025,18.219661639604475,-0.998195433059714,-0.06004895851494849,2
0.7008037069686585,0.6887945244033775,0.6615489220850744,0.6934783069449926,0.5177160553502458,0.5285799399066816,0.8509427148031962,0.10578299649387791,0.034815645429397434,0.5079331688373113,0.8831843327165072,0.10955225618557876,111.2421824591916,29.592396966646596,3.70807274863972,2.8286598199789554,10.111675689738762,26.711184691567475,35.845420723563656,21.862750798711446,56.28564533710626,44.68953803948763,0.5511016400746,-0.8344381237138473,0
0.2671190378006924,0.10946831752984068,1.953868619995936,0.2258707550795178,0.22045768540862204,0.15439943535505274,0.41711104578983516,0.0918635219182026,0.053589629742581704,1.7230303784854506,2.0359079026370246,0.1297933548174765,3.5100793074055474,0.8585520472119897,0.11700264358018492,28.617237866661064,19.132614850033132,38.90951366267956,43.242196560106365,32.039701170032764,30.285113480482828,23.30536851029672,0.8826787983255474,0.46997674302731995,2
0.4462696105515508,0.21942977183771095,1.370861809094993,0.4200690104731588,0.3501125831644092,0.3932661260917226,0.5264891987095808,0.07052126580053555,0.027165281945304855,1.1333295169716744,1.5945723752521603,0.19969661833373908,13.494335490200111,3.849009103885996,0.4498111830066704,9.386475002460548,16.582125555219,28.475813098735827,35.03299474314357,23.307680356113742,52.42630494493707,45.252317038294564,-0.3041148323275178,-0.9526353808033826,1
0.5830155773583031,0.5772499781707032,0.6463125521454296,0.52259505253639,0.4617983727594782,0.45535883085059636,0.7256926633884853,0.08956552708644408,0.07097611814466244,0.5095086789106545,0.7267334087898842,0.10427796398077081,56.747945866936824,17.0727894554052,1.8915981955645609,0.6475746064140209,3.206665115115576,23.20681133410912,27.330049634007704,15.627882174914003,77.860298648124,63.52084064414413,-0.607057574429101,0.7946578517376245,0
0.27371730017637996,-0.036191891413929145,1.6096362825351864,0.22011856511857836,0.22539164589892724,0.12114084557957572,0.3466615807672415,0.0774503380425435,0.04208949059547665,1.4001328011960092,1.6618419722350137,0.18076966565369945,12.382962350201241,4.057128902006695,0.4127654116733747,15.968038257670143,18.985300615771777,35.27771205841219,41.18059888654809,29.741644030285215,34.509010482699026,18.678693332298593,-0.7101350157125358,0.7040655221348057,2
0.7068198488145983,0.44202520457095723,0.5754575062760394,0.6047203408917684,0.5327746143397918,0.6471885082533282,0.9048143672584252,0.09231925361919327,0.09676613154568267,0.4015396387840713,0.7898781383960845,0.18184683504234012,111.74307279248094,29.390334759546175,3.724769093082698,3.0386839743942957,10.44024257851946,21.21339903786201,30.480821661934197,13.252039451257932,61.71693398462365,49.38949949472507,-0.9770638564833509,0.21294651993841537,0
0.6402634929450309,0.4812496753786223,0.8964823980596501,0.5631618168775514,0.4744667868307681,0.45961812438311805,0.8010308743327299,0.04371744119973757,0.04372284650301242,0.8412430563532372,1.1245340086632105,0.13580729650539514,65.76633324665426,13.58046822929603,2.1922111082218083,2.962038923297588,13.90948475407549,27.40454810325421,32.6917458974645,19.78797272276882,60.373509464768915,53.16437601148755,-0.4623829729035152,0.8866803180227398,0
0.32869923181282,0.3753957513217669,1.359497423540946,0.28598354882095295,0.2413155528624855,0.2272733870920024,0.38614845553177785,0.11405801767300673,0.06796778080352432,1.2648954588341994,1.4553761239718224,0.1902339569831763,38.996425496562466,11.728316931029914,1.2998808498854155,5.730035928996273,13.23368300056569,33.10150355579603,41.871379457256154,24.15260532361686,42.13142651901638,25.517659303506314,0.4161246959914746,-0.9093075592922357,1
0.2613877988742249,-0.0718316183413025,2.355822907123904,0.24593462628580498,0.18899574897343038,0.069331757152571,0.4243103527875464,0.06545800460255191,0.06271427523992809,2.226374480830537,2.485094141517399,0.07433533222108663,1.9277350266617466,0.3982498415221262,0.06425783422205822,29.46081195197234,12.674818666167665,36.752970738232555,44.72317617195916,27.794165797335303,24.588315972542038,6.946507280833099,0.9955457941960382,-0.0942792217754244,2
0.6782623055075649,0.555498895709121,0.45853350821380295,0.5879007255786124,0.5146162003528415,0.5409665952204051,0.8730301099729718,0.11921303943319694,0.059028323514109,0.33743490612553145,0.5846175097153155,0.13576585280724834,77.91693122102978,23.712099873357637,2.5972310407009926,2.563442555082543,6.9945478849311975,22.493776542364387,30.159017875052236,19.435230769226386,68.54085536652167,57.51254736816072,-0.28771676722616696,0.9577155432887803,0
0.18178709540631616,0.1493956482364931,2.077171626623996,0.17161184344514072,0.15330043170972027,0.018865746229664637,0.36792955334010025,0.09179278519029896,0.0944423414139215,2.0118494737717736,2.270014713995459,0.1788783558082354,1.4243047112749652,0.2556694851000731,0.047476823709165505,22.458036053348295,10.995903398123275,39.48233716493509,49.42722246440103,29.539082782936575,26.933157839941803,14.271277382458544,0.9648061359537646,-0.26296220265651454,2
0.6454010424915592,0.4859623756384853,0.4555987411530757,0.5715547291068022,0.4374380188881874,0.5464318462549603,0.7699772570928233,0.11947254250990508,0.05691819716997873,0.3399601904312134,0.6364572516180681,0.08815873712627706,54.76168154851018,12.512586275357465,1.8253893849503393,1.3280002129435302,18.403480028181427,24.667134358128962,28.783580195918468,17.48704721619685,59.38428196558624,40.92379397872226,0.15389057670406214,-0.9880878960910771,0
0.5087664863637551,0.27807508672177017,1.0871471433220232,0.439872739598716,0.4129482393208873,0.3832131949645192,0.5798485555630866,0.08711008209673722,0.08305607438933649,0.9461320162179463,1.2949325481117993,0.1465579709487419,30.83961318430526,6.28769067601698,1.0279871061435086,11.296283449385927,8.77477451415298,31.26281404860942,37.8910451056137,24.544406720872246,37.50750698467746,28.04232560624188,0.4623829729035151,-0.8866803180227399,1
0.44990689211498036,0.22200133648101028,1.0014370670638297,0.3787641132898753,0.38556539649119725,0.30703168547852155,0.5085034386165533,0.05180314418262906,0.02724475740807364,0.8984144169807999,1.237039914409706,0.16258162456306063,26.53152859884797,8.618336837932311,0.8843842866282656,9.740062659484451,11.070259161179619,29.000726143205267,35.580099771778194,22.01538371985469,46.88098931133622,26.938533913782273,0.8199717629247771,0.5724039727378148,1
0.5140331247534359,0.23108645192376392,1.4658371384441828,0.4559639145508611,0.42188195165825043,0.4216779368970374,0.6062357180315121,0.10711518147508586,0.032850689009484055,1.3129917361909873,1.6179411907039518,0.07724471328182328,33.70044524679646,7.790276425756103,1.1233481748932155,7.326366383867749,18.16804456414781,28.38791121909571,34.94869887388426,21.827067633990076,51.07510472023525,32.70709275920811,0.926323968251495,0.3767278936351851,1
0.3360773001804008,0.29151791161204127,0.9764216840687286,0.2950197325649578,0.26574513905632,0.165236967364865,0.5151774734487335,0.04007411203213103,0.07972825637153631,0.888532997435248,1.1732916911357878,0.15085224014642973,19.450311171301948,5.0919095663885585,0.6483437057100649,5.427396060619514,7.157187530733089,30.863596040444133,36.16382641680303,26.00144640334252,39.71245702383297,27.352041834928208,0.3846650997070012,-0.923056206884176,1
0.440313919518731,0.2119683396821059,1.095494076462291,0.4039385515328849,0.39542393211987414,0.31761049197828484,0.5233617843120262,0.0317503245331273,0.05555164947608644,0.9191180446129139,1.192853593553527,0.07010373414784878,21.146395339596232,7.085261294970912,0.7048798446532077,13.443148641523825,3.422611770568501,33.38244031199818,38.5871047454295,25.929504637901722,41.12094332457543,32.144605793294886,0.8660254037844386,0.5000000000000001,1
0.2235180833827461,0.1066856071439641,1.8402162384553347,0.2180009586254084,0.15226960534493766,0.0511397950208925,0.3849263079607087,0.11445254402664155,0.09420490790552338,1.7408235936229706,2.0660382832339277,0.18988146891289703,9.162901252752755,2.171243891608588,0.3054300417584252,22.503472183887027,5.624150088230306,41.421579170299935,51.01657654626277,33.644127934139895,31.21656226724542,18.331271428452826,-0.051478754770346045,-0.9986740898848305,2
0.19626945409330404,0.07667964426114002,2.17419762286493,0.17319432120408407,0.20136240276633266,0.12247387609586423,0.38600420109449185,0.11772105697264044,0.07868974634303574,1.9488607801728002,2.266809093011531,0.16507522105165282,1.3136336012426209,0.20588588158351007,0.04378778670808736,26.586164994409263,8.671453146620586,39.304162650197355,43.810707167062006,33.409849801343576,28.686573009105334,15.182385146910514,-0.998195433059714,-0.06004895851494849,2
0.12620954231406672,0.0800254136347853,1.6286240604391922,0.10947095204178263,0.08759986084384125,0.029757248567124,0.28715073766408733,0.03053353938031903,0.08990574569298028,1.4916925968289754,1.7332898357723703,0.05825565633390743,7.092384373444537,1.665853982984182,0.2364128124481512,24.455965969122403,19.464730467014366,37.30473187197792,42.076796750405244,30.332330727492746,19.944102378612666,12.959144036811296,-0.938710189261944,0.3447073839879342,2
0.3189152759760277,0.22615058894354761,1.4109565915825315,0.2755069109444461,0.2484492031113626,0.2627550500574669,0.4961425007180198,0.07110575335972563,0.037607205283781794,1.2607485441856108,1.6405858805465516,0.15536080487993031,11.258922203309028,3.101414543623252,0.3752974067769676,5.614251292598327,8.055686645053825,33.12093483692794,40.9497006872114,23.86165972661194,44.712937306685546,32.54294413087088,0.8982917515547528,0.4393995096591417,1
0.6781323365878769,0.41120445662476435,0.6343303209970632,0.5802596963611861,0.48153770581018235,0.5755382969064997,0.8137237985837014,0.09575854592153214,0.09160941925652291,0.540207930454821,0.8073899260110236,0.056847311825357565,78.7618388152817,26.79365275930267,2.625394627176057,4.778257491148767,3.8812085850353935,27.57826671689452,31.877793651203223,20.526619435310938,64.57846320623744,52.60332044334103,-0.7678804460366002,0.640593178698175,0
0.3079446210893311,0.15156436775661755,1.3107757165589797,0.2701865075611456,0.2327982809025818,0.17824109632642682,0.49387964900460196,0.07113536933391987,0.0414233979618107,1.110151947123045,1.5584738134563407,0.1280347940756038,24.09746116100786,7.058446850570877,0.8032487053669287,8.262821515689465,17.471439845155025,32.00252521155186,37.99507811470041,22.024871222799884,43.90819042211574,37.66711586980966,0.2045520661262008,0.9788556850953578,1
0.3496227686513373,0.16076310067891714,1.1825700352635087,0.3174108832406773,0.22128399432123716,0.2377677955601351,0.45745580331153435,0.05073479754473005,0.06102903035015929,1.0552307452660163,1.3962315987985692,0.1261084647627736,26.343166809483666,9.124731051363234,0.8781055603161222,10.707614809590734,7.85930462727796,33.75637378019793,37.63106974278606,28.70668371303775,51.15435639962959,37.395458311663475,-0.9732643737003827,0.22968774213179508,1
0.26520271567168435,0.11015816120478131,1.798547925982164,0.2348855452211886,0.16233259442687828,0.12945722297556445,0.4369999392745409,0.08011925311331691,0.052170492402310115,1.580363157227472,1.9361407187746775,0.09181336992029437,8.448837657385251,2.933110007056432,0.2816279219128417,23.815351913397283,8.616475883603838,38.26658639091341,44.05367100300683,35.11002064945241,15.672994467980532,-2.0170568829804214,0.0857305001556943,-0.9963183634476755,2
0.4352507247319156,0.22914668997716278,0.9597279076852651,0.41322926019819867,0.34403486659214305,0.3285170474454139,0.5944525634013452,0.04200100205847333,0.038879728472739,0.8657555164114696,1.0477734938492926,0.15517163299499803,27.957853222140123,4.543037982800278,0.9319284407380041,13.456535222773423,14.0817575920093,29.80672750412328,38.83988982195108,23.52973391102813,41.65561737921591,34.95657108324563,-0.3204232733919109,0.947274472298717,1
0.7032241907732697,0.5566729780164413,0.7246051510580318,0.6348614347653606,0.5766983316776312,0.6333168276668106,0.8547011986398567,0.11618627560548421,0.06147264175561633,0.48798248478932027,0.8756465057733595,0.09970205106545763,99.79767505070052,19.979522154422554,3.326589168356684,2.7542868530456968,9.000294558690062,24.891633883477184,32.68757405259857,16.87685409977049,73.45084041065925,67.4455923443911,-0.7101350157125356,-0.7040655221348059,0
0.058793657882899156,0.09289243151395654,1.7298063414226652,0.04814240800798456,-0.015169395303940868,-0.05037903681922666,0.1333269136449719,0.06587093654400486,0.06404906383881148,1.5579455976313636,1.7943157440199955,0.18767711342305282,3.143019359251885,0.6253599935087544,0.10476731197506282,29.774369544387465,8.884976314204195,33.2544178445052,41.824364640169065,28.408689634336774,27.17595920360787,11.27165117261137,-0.9893724130196829,-0.14540367380369032,2
0.5239244907998432,0.38172908658277704,1.2632887503155672,0.46704561548320617,0.3982109122074591,0.4158045212265796,0.5993883710087672,0.06166963509123058,0.04169138027044705,1.1240588990241334,1.3225280469558929,0.11119067275517616,18.86403773880278,5.5828893550186836,0.6288012579600927,13.078656456839813,10.059444438737948,34.70037874463464,44.64490209677413,26.797194686664135,40.47396915356742,21.756076846536576,-0.35275208654909473,-0.9357168190404936,1
0.060031155065252376,-0.08976211696263006,1.6865784992536414,0.06560974702019609,0.06890907530649468,-0.1230348218125482,0.14285030780176078,0.04514077588833148,0.02250892550436707,1.5670585363619112,1.8113054296721862,0.17494731120476567,10.324961434990152,3.355864513861116,0.34416538116633844,15.338238322951296,11.451387883787422,33.33543089505551,40.32531062837272,25.215953092613862,19.80525168997863,6.834374792902063,0.7338853664321991,-0.6792733388972931,2
0.23473207403273877,-0.012603701053901989,1.6796453158641316,0.1844631460606077,0.21276785282176816,0.1181338418814342,0.34864936585735573,0.09186369759280177,0.08688634201334708,1.5269457235957602,1.8699880426773507,0.07349710675454503,6.231585243894912,1.6062192460742486,0.2077195081298304,27.694310047296902,10.182138759543971,34.380852128071176,37.559905010437355,26.266393679231033,23.855299137237893,13.710066989728944,-0.9770638564833509,0.21294651993841537,2
0.47492630152486903,0.25500101852035123,1.4025185004456335,0.407669952907666,0.3342928595660573,0.35529570918205,0.5877967276911773,0.07693958855198704,0.07779291075708357,1.2857380061403227,1.6350395058222555,0.14751698351288206,30.351756565090394,5.038502493652522,1.0117252188363464,10.370413147419743,7.825929087042125,32.565925776293355,38.15797724138258,29.0318085970748,36.950153849277505,20.588777298677634,0.8660254037844386,0.5000000000000001,1
0.12458443589687469,0.09294573476708695,1.5919845106708,0.14261517978572075,0.1224278035234711,-0.07081975085249174,0.21335952105181377,0.030654552692460833,0.09977362011405796,1.4634792709872344,1.6560855017844514,0.12607158239605779,3.364101273628579,0.5875778343898074,0.11213670912095264,23.806992023763016,7.747509726696826,40.057928659582345,46.110219739973,32.03708398207685,29.632086810389367,23.673416996152252,0.4623829729035149,0.88668031802274,2
0.35576551538568923,0.3327893361137293,1.052181333308423,0.3070466742963088,0.20873496234906685,0.2065099385634872,0.4878642180366122,0.08723196891387644,0.031145558590243712,0.997184516852053,1.2632805425148717,0.06824078890220857,15.162580973578793,2.9797621249563533,0.5054193657859598,12.088991127733161,9.100767746895599,32.33027202365757,41.03222850845209,29.30988999882105,36.07544623323967,17.776213898399334,-0.848351197812304,0.5294338912181851,1
0.2219775228638311,0.06899812243908504,1.9457787475594703,0.18734786206641948,0.1844756763026459,0.15022261280134783,0.33462337374413653,0.08331966798586135,0.029585980696741378,1.8296197486032617,2.1807112852177895,0.07810256264936405,9.653643341097302,3.109187790491932,0.3217881113699101,28.618090154028607,10.74300990239925,36.15774313581574,44.81326604775478,26.502753885834206,34.92177454529025,19.76678046480346,0.7454378568683001,-0.6665751282095632,2
0.22649760074049835,-0.03148960257393105,1.6268439268925972,0.1816313203346896,0.2369697890267149,0.15367141045821064,0.39415881823322896,0.09447190345866782,0.07072735560638713,1.4366803343648613,1.775449747796805,0.16798154838650714,8.622585567898124,2.945686992900062,0.28741951892993745,29.517935267448195,5.78852243480962,38.109075221583964,43.13723842528619,31.097879499961913,26.340246508403446,14.841485367967191,0.6601521206712317,0.7511319308705199,2
0.8289092957027719,0.610590063177311,0.8063997836287513,0.7245635056176986,0.6080845195063885,0.7068332536140975,1.0243961026188626,0.03608513072329934,0.09136677511521876,0.6567486471760606,1.0150520537164023,0.06563372042125215,43.144971187287915,10.621343981980683,1.4381657062429305,3.480103090268961,5.673644539055161,21.83401116186113,26.94133370670132,17.851739534506525,71.28550970879661,56.39982855681313,0.926323968251495,-0.376727893635185,0
0.46287892083222315,0.38202545887744666,1.0479119433827897,0.40307934100070747,0.3518645179349117,0.3079394408786939,0.6370302000494139,0.057162843269642424,0.07437638228614672,0.9873679901158895,1.1843098176754778,0.18653249824499668,19.54912284077042,6.39616847463748,0.6516374280256806,8.497960618075918,18.514188875053637,31.524828870583203,39.7580087672793,23.985644471313158,36.218038661989866,31.08305880274103,-0.2712339106729102,-0.9625134626077081,1
0.3068125029877038,0.18299132990599043,1.3880606893945584,0.28641515774387943,0.259087669804945,0.11249718736294967,0.35839517135523224,0.0811588758897453,0.07155880492164751,1.148501476191667,1.4807014756723853,0.10122041099126636,37.47364718362381,9.510974242705512,1.2491215727874603,6.186606144745388,8.767034788990738,30.119809222851195,36.4677948954285,23.57939938576672,52.42503254797305,36.020357781406695,-0.6855476064742154,-0.7280278011569848,1
0.27315283201103674,0.14040781415632675,2.352430417569119,0.20803817283168613,0.22340749922114178,0.17133365929079641,0.3716759962575087,0.08891095721012383,0.0628096406138724,2.284733038429316,2.5467457227861243,0.09133350051818431,12.3968047868247,3.969971076116093,0.41322682622749,18.056640512865954,16.522852660764944,41.84950316361644,49.21143360888523,37.15146274333088,23.739097221673955,12.661754115381482,0.7678804460366001,-0.6405931786981751,2
0.22036502885631798,0.14658204339003156,2.2299932246449634,0.21062396016220475,0.13316618958710272,0.02228286063164675,0.27955984802370154,0.08387734609468753,0.09934231026677545,2.1208727691441194,2.47321319919126,0.09121853966326998,0.8472513600522308,0.2888058520358452,0.028241712001741026,15.725938229186484,19.829670454816075,33.3411962270979,42.98311709636733,23.343746849119796,15.901777120107798,-1.9728644874979224,0.08573050015569435,0.9963183634476755,2
0.15121497240453607,0.1089457677136503,1.7074694380588773,0.1414619662624013,0.07363076694238008,0.026259121404337768,0.21361502810251742,0.07124548947476458,0.02382397677261994,1.5925371846218386,1.8060631297497913,0.053096515931868996,1.5292882437041615,0.31229992538061524,0.05097627479013871,20.40243229820687,17.397684192365418,33.988917029380175,39.331975837782736,29.223516675061784,26.515704217788233,17.06494244410262,-0.23803327706148678,0.9712569994658311,2
0.243832982471479,0.10143672304453002,2.1305592343457382,0.2259574604953839,0.18567882432234348,0.07997877526379854,0.36167415931484986,0.09856985510016772,0.05181831804981779,1.9552621063515867,2.3455978213068764,0.13439614958721494,13.56571701998285,3.6571258334290992,0.4521905673327617,18.62940953511744,16.737320350910636,32.180602197599605,35.20282228489113,26.598448555984675,19.51526149750056,-0.3387230984333627,-0.8906165093267404,-0.45475513555610575,2
0.31502410259454255,0.3420320445952205,0.955962868066902,0.2583991064428793,0.2715851749929338,0.1834281359017974,0.47372854073381626,0.06050502978136038,0.05110147302892776,0.8131627824276167,1.1149593236869055,0.062251964729953105,25.89141898325103,7.644718494897831,0.863047299441701,13.76192478269556,10.759028475111213,33.57539072530707,40.970437507321776,24.62238431155457,37.752594687967225,21.293146743082957,-0.9691780654392538,0.24636127429331414,1
0.44360918896805146,0.25262394851513864,1.0909572248314356,0.41175423391590615,0.3360001233297498,0.29359945948941296,0.49889146499688,0.07586908057233846,0.09943547726263258,1.0190590303205431,1.1594629357047794,0.13130406044995696,30.354735059517438,6.01437543689416,1.0118245019839145,6.390022051990777,5.217673969041506,34.57065369305361,37.779187221281965,26.753121257199457,54.73126228228821,36.64884500274562,-0.4161246959914751,0.9093075592922355,1
0.5770869310163226,0.5067918035953785,0.6918280559254361,0.5190040627857724,0.4377580234993374,0.49976924366301767,0.6611773751057953,0.0657283365366855,0.07151234028329045,0.4887254761272141,0.7702224538776349,0.14118578211360558,88.46198554855097,16.93296528065568,2.9487328516183657,4.129083752823814,9.759410435398799,25.900009984877986,30.507197110155765,20.321579488317525,64.02434742350067,57.783294889227825,0.6855476064742154,0.7280278011569848,0
0.7056371865230098,0.562190536483032,0.5117979192597264,0.6426154757487526,0.530455465154129,0.5601726490914642,0.9055492453886098,0.09805469960057214,0.07730587104501459,0.2938374621326029,0.7381834709206552,0.05082586987406312,48.573760907182084,8.275061687089586,1.619125363572736,0.40523107953823967,7.857891518076002,25.657909074507188,31.15611090070496,16.30303947732245,72.97614762960615,66.91062429394611,-0.980575394063143,0.19614254142819676,0
0.44932310508836737,0.33750710303554776,1.4938538480456007,0.4101553771864366,0.33692028230881893,0.2607121567615149,0.6225693405552106,0.11977663180554074,0.08760097897246208,1.2791045704554407,1.658639675270197,0.19182422908392505,19.22589386471369,3.174323002920165,0.6408631288237897,5.332679711693585,10.588027850308741,33.860660527552724,40.779230582811074,27.27952625302688,38.292410264730094,23.47896059473198,0.9552106508146316,0.2959267013472893,1
0.3433357632438202,0.1977830221122242,1.2564851176538745,0.28964533421664596,0.23002966232144947,0.20649096519944954,0.46327375547299554,0.1197128262612998,0.020543723886888944,1.1137607027851846,1.3512076416124075,0.14466755418383523,38.23144780115131,9.127386912454707,1.2743815933717104,5.317224918160312,9.103013057347484,28.80327519589685,35.4264714512735,20.946139448645535,47.640384168448726,38.32460765109829,-0.5933267643772321,0.8049617075821958,1
0.3012566381524508,0.1769035461899647,1.0726987793109635,0.2671162759771659,0.23010649225058338,0.22019807564499586,0.3944385898629029,0.03149944241197944,0.07279947601082537,0.9353472157415484,1.2907025456951031,0.14281204736864095,38.247305582018015,12.97806481261375,1.2749101860672671,12.32859187331831,4.178176602318728,34.88822059995391,41.94685801612148,25.568415450702158,36.14234326740886,23.235133852921155,-0.8199717629247767,-0.5724039727378154,1
0.8114381770563153,0.5013985470554607,0.7766890926294708,0.7119066675189553,0.6175928635805613,0.6134387880662433,0.9280007099520009,0.07860107231440595,0.04523255165984102,0.6598414288902587,1.007917743582624,0.1478336389318209,46.54072255590975,9.670091141856945,1.5513574185303252,1.1222028591833033,17.814038581244525,25.129181063082378,31.566851168764533,16.933408752688766,55.27489571646201,36.98349418676389,-0.47753588643748845,0.8786122450571482,0
0.7922320465492187,0.539679405439738,0.6121110046234881,0.6884178500052486,0.6142884534291504,0.6582847440261816,0.9839241794703222,0.05997017217523781,0.023074107916986,0.47407120503239,0.6989559724710933,0.1451156047064497,104.4961023834449,31.578887735154197,3.483203412781497,0.45743418698877436,12.719681713443729,21.452781734411406,29.03899773608177,12.095182313509145,70.01292151084134,50.054353012287294,0.9552106508146317,-0.2959267013472892,0
0.17866738101295687,-0.09084257560029516,2.194827579328126,0.13866641197274573,0.1353930127179148,0.039442473929831245,0.3362502656645199,0.10356712097421994,0.054588479371741175,2.081197142167294,2.3677558031390262,0.10069183565679363,11.237367347647975,1.7205815119819874,0.37457891158826584,19.406428095410796,16.3027041394991,32.52756614832091,39.16905496961871,26.691462444202323,24.351778969975335,9.679874933064092,0.8744809578310397,0.4850598461951962,2
0.3412211941412846,0.3452409659111088,1.195339389109445,0.31506443017074265,0.24435479558643633,0.2803796520053081,0.46722406276938505,0.05603195125377013,0.0875838064950517,0.9811109041653756,1.3124758692380134,0.11622558849217625,14.070649533768378,4.055459127716818,0.4690216511256126,9.787048579655226,4.208882039628426,34.31934651575156,38.065205246264355,28.693650678523113,52.7182799099485,46.481780829663634,-0.6729490241558326,-0.7396888608649671,1
0.16096399778514237,0.052087511632919664,2.4613824701437155,0.15429963732677918,0.10453343303393643,0.10102046966815982,0.2995211425657215,0.039657108933360524,0.06181550192356296,2.3477498160591845,2.650670028684158,0.10374341954358235,4.711647286340561,1.09397059270044,0.15705490954468537,28.072608202359522,11.365388991603057,37.61006836414921,44.51468713261323,33.881981184153645,24.95375919095544,18.3866644037164,-0.13690605792347504,-0.990584035457797,2
0.26598870550237763,0.07641483346848663,2.3153546238555616,0.23749211982827836,0.20284343468434118,0.10546793949422775,0.42648648678609585,0.10626655214363129,0.05608714299734652,2.2296220627877408,2.4362038244934103,0.18641911970731573,1.6211624049958244,0.4189529504344199,0.054038746833194144,21.28631630506449,17.101881059902368,40.503769192997055,44.67369611419217,33.319198363937225,17.0675601440392,1.9418608096904002,-0.4623829729035149,-0.88668031802274,2
0.808219174976903,0.5080571924233789,0.459408958134036,0.7367511209145213,0.6399274247651203,0.7464324004036499,0.9978614793029497,0.03541281083407067,0.06911468678080494,0.262276335286198,0.6858922318155037,0.09152214616869588,69.51309116558178,15.391882815560088,2.3171030388527263,4.04758037362439,7.8897563937425295,24.689838656134377,33.86167293903893,20.594501644109172,56.17414916937638,50.23823814040222,-0.06861473800213432,-0.9976432316860063,0
0.39038534968850963,0.21612895099720955,1.494872140705675,0.3581560636493318,0.27153127425823576,0.22866158835902267,0.5431615266801767,0.0596307553807255,0.04031878027010028,1.3303200341146577,1.731957105595382,0.0949186585901382,20.909360767583486,5.108988053248035,0.6969786922527829,7.239245877965895,14.589322457009816,30.60484150669189,37.82192927572199,26.00768011043555,45.91847066618,33.847973400062344,0.998195433059714,0.0600489585149486,1
0.22574793153670486,-0.04217145443442663,2.027834037561274,0.19256545800194574,0.18296613974829165,0.08115250295725729,0.35603584173110125,0.04030907696278341,0.04124875661331319,1.9222606575324952,2.1980974024285045,0.19578868260535032,0.5602940465333239,0.1050675709692452,0.018676468217777464,25.915595550914507,16.079728206293638,39.629929362896945,48.68322063212389,30.95218708149583,16.254443428289175,9.514182621444128,0.593326764377232,-0.8049617075821959,2
0.7766653415629146,0.6739721657669413,0.4406743903209499,0.6865818554416008,0.5136135775780688,0.6829159547565191,0.8311613800438162,0.059103440590396863,0.05808145034950132,0.26997685700165897,0.5698684848534409,0.14469613296379832,76.86230144261806,24.5658385617881,2.5620767147539354,4.638761415976065,16.600059189982584,26.771618333876145,30.21966276013649,19.685623219756597,77.85747016401248,66.50744300171452,-0.9128458599921354,-0.40830434224389367,0
0.13715061736071144,0.03564386313389503,2.428335772005622,0.14896763238624094,0.14306549000094881,0.043239385073237435,0.2636876823311833,0.044231391266976144,0.04917119928110264,2.253306553658951,2.480854779639507,0.08096678486243006,1.128030431442037,0.35986012560000974,0.03760101438140124,20.367199195539143,12.429792655999982,33.22628049978007,40.4719615691338,23.963035952949483,23.46773498134924,16.446928304989285,0.8660254037844386,0.5000000000000001,2
0.5282231111841439,0.3676584703708726,1.4392727338424085,0.4673513862179362,0.34161072734750686,0.349890442668763,0.6720448202478431,0.10412810352777817,0.06551865554432983,1.3325131452340986,1.5504516964947124,0.15520453404656626,28.53794679538894,7.750123405811918,0.9512648931796314,12.545369159024606,12.344638432161831,33.21315709480447,41.504361751779186,26.992336812381193,47.72094684678253,29.843893057808586,-0.6855476064742154,-0.7280278011569848,1
0.6512845514210884,0.4256042394981304,0.587435289761852,0.5792922507690313,0.5065590364982866,0.5712620147843669,0.7989694979773123,0.07822449160257731,0.07441822233666827,0.3803049661458056,0.7710192895225774,0.09210248232739615,111.61654701497595,22.108981364911838,3.720551567165865,1.2987689188016311,9.876965554755785,24.521065468713672,29.27076409349702,19.83056107276384,64.73239035104942,45.66291187954101,0.034327600513243496,0.9994106342455052,0
0.13404006443612998,0.039251701578282144,1.7476170871747185,0.07872099173059703,0.11478953240394306,-0.05504090528249472,0.22818413053444112,0.07100547365701565,0.03482831805774796,1.6264479049257243,1.7981573305415512,0.18826838496627896,13.722867088811395,3.1090371459281396,0.4574289029603798,17.334719891423862,13.64505069971675,32.36207261487385,39.16962750090573,23.36609523944456,34.718453179400356,17.835916135980888,-0.9917226741361016,0.1283983551465503,2
0.6276339944800051,0.5646201368099758,0.8224376554847272,0.5848822413928643,0.47252347476799367,0.47513968798902934,0.8057917584854419,0.04632945129260642,0.055160935090632815,0.6088805895133382,0.8952568124623139,0.11338226424679171,58.29142444027702,16.099179638615066,1.9430474813425673,2.697456461876686,15.822220414595373,22.03712523811011,26.35690947835487,17.606910554317317,55.63465889150862,42.18372863081902,-0.6206094818274227,0.7841198065767104,0
0.05200203516844572,-0.07002799212903865,1.8625097313221235,0.04260499688622378,-0.00857179432406504,-0.0641128350470355,0.24720517935259,0.08780876858781698,0.039205572248574294,1.6437923422034155,2.026879397100213,0.10387427364206282,6.708206111906776,1.0289332887166576,0.22360687039689253,26.460552347512078,12.653296329379263,38.72200663565112,43.622820016330195,30.45714676791073,16.18446610793215,4.680375606789124,-0.7894179103280194,-0.6138561418226122,2
0.7128088249474746,0.5507911279315576,0.6144970136875092,0.6694416186685263,0.5223281455672127,0.6216765445951741,0.8407749172308772,0.11100208110582101,0.024983343850405015,0.48419815051525156,0.7468501220044109,0.08628407423882586,41.163573253430556,12.70425494685483,1.3721191084476851,4.9204173459964755,18.859722663684426,21.309247542925636,30.45153786950701,17.025152168101595,60.12460738539552,44.398104966140025,0.6206094818274227,0.7841198065767104,0
0.3246843017206665,0.3870628844475198,0.9904124922005003,0.3124350556769805,0.2645719510394696,0.19299498441405405,0.4522657158746959,0.030642787359142054,0.058683988063229525,0.7930472010501994,1.0595243129921674,0.06554550897211935,16.447495941601574,4.892206428792176,0.5482498647200524,9.2815517303012,9.814996297174476,29.90855453118739,35.61124885304978,26.395413804391353,46.99935716522132,34.716892560981364,-0.6729490241558326,-0.7396888608649671,1
0.6475549966080242,0.5155293185805776,0.564332272684958,0.5753992763495792,0.48154509380403626,0.5926760696843364,0.7061180250214214,0.0792027671442663,0.05850753213082589,0.33900212031931787,0.7045801415211557,0.19931562742869652,66.30012882300065,22.676442175376245,2.2100042941000217,0.44705501156129757,11.436398799000147,24.993903967311937,32.31138922227972,15.013627489991283,65.90316322838292,50.88675435433563,-0.7338853664321989,0.6792733388972934,0
0.4155977942281352,0.28985135643183924,1.1268604618724705,0.3573735774962641,0.3041950919012316,0.27836316356243684,0.5142891695046594,0.07571538227157673,0.07520984941456064,1.0725313496030737,1.1803944708315572,0.11847632830122996,30.283150774430556,9.082609095520946,1.0094383591476852,7.344994776740937,11.457998372466697,28.63798447611274,32.33632938003264,22.984943643865346,45.244294153541034,31.66987875312355,-0.607057574429101,0.7946578517376245,1
0.37951239313772966,0.32333378843367666,1.288863020720474,0.3827331887519629,0.2756641459908235,0.23647618999739284,0.5417148046426401,0.11792689915139602,0.07506707292372519,1.1146417557384334,1.4631083268165075,0.10178968280855798,29.99851254638117,6.5177511825169905,0.9999504182127057,14.775899603450432,7.2480893093253025,29.73179822940842,39.47203966865468,20.669635894644045,40.510731342817024,27.648411327395685,0.9999631612477099,0.008583481082087055,1
0.08763614701555618,-0.07648504494285283,2.226977919528431,0.09591052107768688,0.019046402825654583,-0.06126307218204406,0.23025555920253937,0.03175703136281947,0.08357444604086457,2.010456116920754,2.3052883414238523,0.06027541888578411,4.6433895226961015,1.4655090293832878,0.1547796507565367,22.849386943334924,7.931568504162715,35.31208302328522,41.55002618148181,27.751658948577926,28.207736764017774,14.973460643650368,-0.3204232733919109,0.947274472298717,2
0.7684649045835579,0.6213690750087305,0.7100662989007684,0.7142938160625434,0.5591406252507614,0.6945332025665796,0.9227849855870371,0.06241227667243671,0.05055517117223167,0.6439459961493434,0.7948186175279173,0.10918641133964697,69.0465837118908,13.183480013620159,2.30155279039636,3.763583197788206,9.86121704014705,23.185349548727547,30.45917683383552,14.739172846714975,75.477557941855,58.34220333747985,-0.7894179103280197,0.613856141822612,0
0.7997327922401265,0.6810189966210203,0.5992523671986867,0.7152623933799522,0.5805551463234063,0.6546319367751847,0.8883852255168085,0.0822155132304599,0.08944453520859603,0.36363563913347674,0.7036423124244129,0.15294907950291464,89.07321567486319,26.676437717980974,2.9691071891621066,1.2483400442959298,12.164607396512148,20.89631121734442,28.08962332739709,17.158892825975087,59.450899171743785,40.936485736386764,0.6070575744291006,-0.7946578517376249,0
0.7925192044349383,0.42524198949851466,0.8526753209780319,0.6927137811729253,0.5715076599692173,0.5971875261420845,0.9372532374488164,0.0785245149007729,0.025453784750839488,0.6714429534418176,1.0989347390774813,0.134066094647066,84.4345364482102,18.494409289180048,2.8144845482736733,2.981349392410265,8.149825395887298,23.84912081483854,31.60990401296735,20.041358319586116,68.99100828270545,54.175878200314656,-0.5653446739747425,-0.8248547748594246,0
0.7277243706586127,0.5017089373146102,0.594084963103261,0.6542873337798623,0.48898483798534603,0.667621780438297,0.9128296502603015,0.06164604185156709,0.0685002350200782,0.36029965637535005,0.8367638499459711,0.18068067233945784,73.18556018701321,19.442452491418422,2.4395186729004403,4.721332445567169,15.398861499495938,24.06088302947564,28.144683317659677,16.145860356202835,69.12102833156541,57.953155561646625,-0.7221165966101161,0.6917713646142221,0
0.4933452619455625,0.16914206460838474,1.3403432262011217,0.4295438323761369,0.3582268255755181,0.38312062036083105,0.5721056945541024,0.04854051106968359,0.08957450586749302,1.1809669914436352,1.5457219758420961,0.055160481268018736,34.891685989648735,5.398385604784398,1.1630561996549578,12.056353963689816,5.8801808355851986,29.324985521412067,35.41834043626455,20.968091852593368,41.380901486644795,36.179759678562945,0.44709379298511426,-0.8944870822287954,1
0.6991745517677157,0.638555858430611,0.6638505545431499,0.6111424505736918,0.44751090406192745,0.5428154738500782,0.8342269909157158,0.06593843242283773,0.04826011268016513,0.5469482967947634,0.8577212790169817,0.17038785193697195,41.60569582221811,13.453371116791278,1.3868565274072704,2.40293288663324,19.055625905803158,27.47493611815212,37.144641237169665,18.722119492054603,73.31430243025626,65.80193609384465,0.9990791668951153,-0.04290475819955447,0
0.12471579719671692,0.022307475051153214,2.3893187599283197,0.11772233748668169,0.12083727123097932,-0.015492250700551005,0.19175047834334757,0.062120989845727934,0.0928703123845155,2.186252273741411,2.57164940002177,0.12799971860553827,6.543666725464759,1.8840993002319497,0.21812222418215865,26.749753353290423,19.57617168417819,34.297023153621346,42.186386428325555,31.192940333202706,18.61325397804819,-1.073296935735911,-0.7894179103280197,0.613856141822612,2
0.11740859980480105,0.006876425928341534,2.3447917378659113,0.0982411491236744,0.10118133666138006,0.02460439190512284,0.2796396675640702,0.038859123814049074,0.031061227510149683,2.2197162670860475,2.5255780098693354,0.05661383245962982,5.6197382852224305,1.9560895149847946,0.18732460950741434,21.732475397709727,14.352212849577942,39.93895655194517,43.95292634282288,34.160573084038305,15.056843073279449,-0.5521757067171382,-0.1877185654371986,-0.9822228566828407,2
0.5347491055214945,0.1728435262151023,1.214160328291567,0.4680971699733991,0.3213075361854945,0.42278299586242285,0.6233709519430533,0.05625241056494274,0.034832708029924345,0.9842778238581018,1.3579722771695908,0.1867591772512449,14.617585293487151,2.866201715835716,0.48725284311623834,5.016437571124497,16.04190221363403,34.422801067576216,40.29485068818384,26.933941102778128,49.140305885451816,36.76228855669372,-0.6471606673266065,0.7623536388483899,1
0.6981386789093172,0.697016155031279,0.8438520913791498,0.6372791495345911,0.5606879308361744,0.5743994968981017,0.7703901590536306,0.09458379890923586,0.08412296895063917,0.7932084386582942,1.0252081123240087,0.17439301989751335,67.65338266590905,12.349445005391612,2.2551127555303014,3.2482332449618423,19.49437086534297,26.308777689796244,31.887920129212297,18.71167129674499,55.561732708002936,42.52270652522116,-0.7678804460366002,0.640593178698175,0
0.7825398470083343,0.6239474215354073,0.8387360067635266,0.7205020277706965,0.6240732758444338,0.6133184146958449,0.9214824747235735,0.07351910820479322,0.024907970168853454,0.6870638973802705,0.9116897811373701,0.18661552424658728,101.78547133885115,29.10291588060963,3.3928490446283717,0.1220039077826901,5.844462168018026,27.436233153982606,35.67492360171622,20.511485089409955,71.79731858996821,60.162911508201184,-0.06861473800213432,-0.9976432316860063,0
0.5353832275711103,0.2038011199332982,0.9032429542036019,0.4578952910918865,0.4040690665081818,0.46866007439529306,0.6789111068472335,0.041795276772386133,0.06402810230710008,0.7716637667292925,0.9969035765659043,0.14556288332820733,28.843585937307154,7.914732988837382,0.9614528645769052,12.440285803476767,14.856613078793202,28.328810937686978,35.28270099470896,23.281205795299762,53.23451753825552,38.39147283265142,0.8296770135526188,0.5582437220268648,1
0.11905973540578589,-0.05634727075443452,1.9710837294839254,0.0785220366708996,0.0867875771486946,0.009233523613740288,0.2458624544071063,0.038110226964073006,0.034495556757534615,1.808921261128422,2.0645732562854655,0.1119004916005312,12.316175429973615,3.6048395170783625,0.4105391809991205,28.261129444652774,18.120594891978513,41.09726837934197,44.494200938932295,37.274071063151055,15.533535252177451,-4.005296703617763,-0.44709379298511404,-0.8944870822287955,2
0.08214489462791728,-0.0018530624097221893,1.8851626277725404,0.08161124467863641,0.062463465442290554,0.002347296725746406,0.15619296533295746,0.043297169199416494,0.06186068103509258,1.7877665640947435,1.9470244067327598,0.11081059412763863,4.868311645963892,1.0868419883634537,0.1622770548654631,27.487480514789496,19.555922039741876,34.09321816047017,41.29420154296416,26.08954331555123,33.184647529230034,26.587933696733415,-0.051478754770346045,-0.9986740898848305,2
0.44211622462698497,0.23302744582703114,1.3817107253973275,0.4025488922833845,0.28015354685848404,0.2819099390872311,0.5332342791998651,0.0643919617943389,0.09501118239663217,1.201215534295881,1.4355443029023232,0.08731955956297219,24.293838137181986,5.155186481919398,0.8097946045727329,5.709159594879792,14.255901038739045,29.851302716670336,35.888519056068695,20.362273595960477,46.47701195950053,32.91061452298281,-0.7101350157125358,0.7040655221348057,1
0.6985530730333811,0.5990505307324168,0.7415033867081784,0.6642039835822332,0.4637989338428332,0.6000115401609499,0.7841845717719628,0.04096974840032528,0.05459983026641056,0.6585404235622909,0.9859044526344858,0.10706008234556146,50.3327532121196,8.176084908127068,1.6777584404039867,3.6238338576438074,18.332983344735553,27.919681859119564,37.62274896470629,23.475917062266497,61.76861682858885,56.18454657827386,-0.5511016400745998,0.8344381237138475,0
0.18731712333711065,0.02481072688119368,2.3365523911696138,0.16494256108999117,0.12207446322920372,0.1355324485003373,0.27313200743770666,0.04125704041346928,0.06302179930205147,2.2726733281815052,2.432028382008483,0.07995281392522688,3.747806941174944,0.5985747290652945,0.1249268980391648,22.31372405095074,7.507655904990354,35.303076875568784,44.816420019314464,30.118240618194353,32.84305833739921,13.11779074834348,-0.1538905767040627,0.9880878960910771,2
0.2779553984091857,0.12022035594368416,2.249516415156781,0.2405331620234573,0.25895263046284356,0.08078571905245308,0.39333265233622694,0.04531172946452481,0.040046526127535426,2.1060449574904583,2.4341572643599427,0.10806009700869398,2.1765836009467536,0.6384153204503487,0.07255278669822512,19.645922755912977,8.750855067568454,39.86483034295906,45.21533642747892,36.40979191708342,18.58592470520097,-1.4040241171953163,0.5511016400746,-0.8344381237138473,2
0.38494256057471093,0.18907092738744405,1.282741124731777,0.36953529601255,0.2887740829587623,0.29866683126240795,0.5696958518498607,0.03422932509028057,0.08537528405813129,1.212097794955977,1.513968631957273,0.0903784609209958,18.335354896196964,5.158891307076412,0.6111784965398989,9.679804624780434,16.29285385639955,30.695718219761208,39.343165217305405,23.544839312989183,38.546531064478785,23.585020997260422,0.3527520865490948,0.9357168190404936,1
0.4949970817276361,0.3575377457494795,1.417805427640336,0.45118995738832757,0.37991818496169727,0.39411403696886854,0.5876871390733382,0.10384901829713884,0.02551423025077189,1.1939349674418664,1.5593541910735786,0.10491696768931269,30.945952920294992,7.966004804236386,1.0315317640098332,6.849202974671443,12.002735572115473,33.673277520508265,39.696707238529065,24.355482716607593,36.64811943723896,26.926043553430436,0.9990791668951153,-0.04290475819955447,1
0.5350552013928213,0.30483586353422787,1.320829971335814,0.4847047786767445,0.4339044719050882,0.46781924988853474,0.6233582039271565,0.07279172455522084,0.07978380460478855,1.257982256164389,1.4160854381645755,0.10730808237665856,11.833140028588968,1.9306909092488767,0.3944380009529656,13.150721006758069,5.546211238575346,28.289996621735714,36.681597981284824,22.70708333313142,36.08932094733675,22.324524970896118,0.7454378568683001,0.6665751282095632,1
0.10403149958719056,0.08371263012490027,2.287930938437767,0.05564200653260833,0.07296544863528168,0.04210354259271574,0.2597508395759849,0.05829465369607126,0.07634823651777041,2.0385964167272084,2.4504574576112446,0.17754010915038865,6.676599955769912,1.030396870456793,0.22255333185899706,25.038856388694725,5.6640580279696255,35.86155918593821,41.97977000453475,26.711938722490103,31.309755311602718,16.21598794729807,0.4925480679538644,-0.8702852410301553,2
0.596805592132731,0.6032693085526847,0.8277302920055036,0.5317544199613412,0.41845449206330965,0.4219854654390697,0.6810738033324258,0.06418072021613068,0.09937264118586502,0.5817362261337335,1.0690532162221953,0.10285624199144817,64.76220930290623,19.822107765374824,2.1587403100968743,0.9256646441930982,16.784935877134615,21.492536192410448,29.08982863673235,14.888002743017632,67.459194318487,58.808244070209035,-0.15389057670406148,-0.9880878960910772,0
0.5157838844339349,0.34504731712074876,1.4981455311536132,0.4906994700900024,0.38558963399565144,0.39048265477305755,0.6224829902278578,0.09202089814461824,0.09588162620111322,1.2831384673250532,1.7255540800430056,0.1782748017457209,13.190118920446814,2.6069199944461974,0.4396706306815605,12.731835012587583,15.400062628351188,31.849049248550788,36.48776790334527,23.233628186699793,54.3041927709147,44.52741326882764,-0.7567706633464628,0.6536804747720056,1
0.25860727997643557,0.12069542490662419,2.1705405065060908,0.23399706642568818,0.22618068613669343,0.12661343308494863,0.39940882416807016,0.06352747075225154,0.060653103236653974,2.000106752628314,2.2220973005598843,0.12669470365557328,1.2658192184248058,0.3600279628785753,0.04219397394749353,25.818868619007368,17.40751054639781,36.04148431777056,45.628107670665145,32.86637825453458,34.86308207180321,15.52561962655836,0.8982917515547528,0.4393995096591417,2
0.5594287557060204,0.6091047222985804,0.7091090316581306,0.5381361801251201,0.4380447012726495,0.46287446186748427,0.7052967463783455,0.09519049354158671,0.056350186764796875,0.5414685782684525,0.7998623234836684,0.09754198816866791,55.38312150469366,8.40758395195102,1.8461040501564554,1.1024310453508768,12.289315373323404,20.268259477886236,27.67999001407934,13.880333900628006,58.483901851820605,49.32871398693092,-0.11988119229922714,-0.99278824516254,0
0.47753316014113434,0.26097595807997787,1.2912558371289904,0.4338801395844395,0.3940836457701221,0.2994849777999675,0.6400262124114955,0.08973684647628483,0.07655650547947382,1.1504706098446311,1.4442126841156173,0.09364990843469947,12.239152932382865,4.156902246714522,0.4079717644127622,6.054052859561669,15.636006078809302,31.158352340155066,35.97691325335319,25.925044831045412,35.37890806748709,29.331915794065843,0.733885366432199,0.6792733388972931,1
0.0920527731083854,0.05963593185047836,1.7868157472070312,0.09124138362397999,0.04368786131702931,-0.05341153845454198,0.21843615385744708,0.10064600537578566,0.0751409308372764,1.6108316463947792,1.9283448704137394,0.15325608190788842,1.1847089904934753,0.35028357953600453,0.03949029968311584,26.084187698680914,13.760990545397775,39.93893361762072,45.11677838293825,31.69066346674145,28.4455765894816,22.22416125887757,0.522132581076825,-0.8528643314021596,2
0.3695322888716531,0.21558574169523642,1.2004265555020028,0.305615109942182,0.29498421085622656,0.24061991110904268,0.4926140899099402,0.0966782341546696,0.06110932205706174,1.0632921422775448,1.4398865553860163,0.13673275718349343,11.442769312361063,3.0985198608232825,0.3814256437453688,7.768699694920123,14.267357456642282,28.051339055853262,34.917589537473205,20.075078742629472,47.09678858725162,39.720001984540175,-0.36876293119226006,-0.9295234803804003,1
0.5287414662694923,0.25519030044148144,1.1079352558899287,0.48912295736296224,0.3895249960062731,0.35977218557503376,0.6620660582949369,0.11568860864876314,0.05777811406049635,0.9150433191127723,1.1720935430921635,0.1452394595176616,39.30383118482759,9.147832270145507,1.3101277061609196,14.221919280512843,13.825964892833998,31.2153200856038,35.21524143874726,25.721489944053086,43.310281261241315,38.01858738494811,0.8573146280763322,0.5147928015098309,1
0.5576257380232286,0.6632119215783866,0.47149584102641795,0.4779846640929246,0.39968974665439094,0.4672767273579639,0.60836673516339,0.04155548605087127,0.028778895894200282,0.26265637477100107,0.6766182112114835,0.1276169527632562,93.40461908168217,23.330524763748794,3.113487302722739,1.1533490585887933,14.98280717073749,21.987913118515728,30.499622305782058,17.464241321451976,70.83695549565368,63.531589852990614,-0.9444892287836613,-0.32854238191083474,0
0.45423600684612553,0.15242172068524193,1.2686914665069788,0.43900488536082655,0.35313467998562653,0.3113553592523023,0.5212309475058656,0.041218268609353195,0.020591352115543443,1.1678396343091928,1.3541617388389273,0.16130336778196405,27.783128226105543,6.164879570259162,0.926104274203518,13.399977606043434,11.198952507935571,31.21751218170016,35.80057338031499,23.088610894604514,52.066584331175754,35.703358434175186,-0.998195433059714,-0.06004895851494849,1
0.3782908004574443,0.3591246226545084,0.9141194966484593,0.35766134921717213,0.2735588250811778,0.2213909576094626,0.46561365451043407,0.08882280930399779,0.04703852403758689,0.7156597453016704,1.086856134194208,0.16083956830242085,37.97633768057352,6.415578105554283,1.2658779226857841,14.308240749901142,10.185943681961938,31.873034477361,36.793916524363624,23.33906160852291,52.269597898256265,42.60404788935121,0.8199717629247771,0.5724039727378148,1
0.6314047095321688,0.5179293174000281,0.7882064803709985,0.5639658179731772,0.4582846233779016,0.4398623215070289,0.7494731407397146,0.0490840355917404,0.029710795153794312,0.6888707074666739,1.027346109771055,0.06688705856179056,89.62476410827718,17.19335421465472,2.9874921369425724,2.009654568046211,4.742771389130066,26.734630214066176,31.428784773932314,20.338967594209393,76.39241170265714,56.45794506017389,-0.9970175264485267,-0.07717546212664643,0
0.7060204063533433,0.4672807928381679,0.5409273873867,0.63041743542603,0.4902506927914341,0.5064517313296866,0.8866328915442201,0.03961892307852694,0.03728305460076797,0.32278678178445996,0.6411207196547596,0.1877114828298726,68.65301744262723,23.450966200753733,2.288433914754241,3.1294568821850453,14.237242322204445,24.765109924862756,28.478361630973314,21.63824163754265,71.47309854775378,57.669050949370174,0.733885366432199,0.6792733388972931,0
0.5695154778955839,0.6661259272795352,0.8707324043882626,0.5015894319512063,0.44691397847466,0.512654172823707,0.7563699797380876,0.05563856117657305,0.05189304222178505,0.6523326938102503,1.004491068203095,0.08904302863490046,105.03208073040621,23.908782466102075,3.501069357680207,1.5955023662162782,15.612237558298157,22.309044425922046,26.727472864869448,13.215355662036357,68.1097567331895,51.353682967060955,0.5221325810768248,0.8528643314021597,0
0.3975300586720848,0.379235512050229,1.3037082800931268,0.35118024127270936,0.33950921080506563,0.3082673936519124,0.46261446848460147,0.10404326295454858,0.08799571967561508,1.1213461343782418,1.4435631894844567,0.05073026114832549,23.66149406441823,3.71942481509593,0.788716468813941,8.98642494213064,7.745450264779176,33.47142790637273,39.203443267014684,27.72744159914869,45.46814370134943,29.124639854106235,0.7567706633464626,0.653680474772006,1
0.34566809605991705,0.33188230755627374,1.387354872594205,0.33079239227320884,0.2941203276349838,0.2492561768293504,0.45161807139494653,0.08288642879535979,0.05663705715916284,1.2761921703374723,1.4499914919662504,0.05742689445534403,36.21624866563055,10.332293972663237,1.2072082888543518,10.922213993314404,11.059735289318539,29.370289244839373,33.15174075061181,24.38407067511618,46.55655943022872,33.014411710283554,0.9057022630804715,-0.42391439070986064,1
0.37391363540312134,0.2195248787665891,1.2027714147646174,0.350712995277338,0.2500341863246013,0.22320272450656078,0.5456494360558536,0.05792764042125277,0.02830050748286851,1.0529341245779513,1.3514527548472963,0.12877308411674426,16.97623994862565,3.8321288424646927,0.5658746649541884,5.631299092079665,6.608717759853745,32.377309717929634,37.22740798734592,26.25746718620241,42.6946515301489,32.87152404418083,-0.47753588643748845,0.8786122450571482,1
0.18935731981607995,0.12159216177388521,2.300663941525311,0.17472619646740062,0.15244871695263687,0.08256096230546583,0.2626588151925825,0.08808588068812365,0.07063471043768357,2.139662807058414,2.4848630337513744,0.09769397474894267,14.037234361667188,3.877001156235361,0.46790781205557297,15.786085296917982,10.999144891434671,38.15726053445173,41.21908343841087,28.29091462642082,26.72416332381018,14.304893097159699,0.18771856543719884,-0.9822228566828406,2
0.7042703315240835,0.5899304371819803,0.6877370889379395,0.6360144924872057,0.5189639027538914,0.5480445182272913,0.8852838172363326,0.11409924241249628,0.05896495350551487,0.46843422119988387,0.8704950261730573,0.19074572276727242,77.49545278359761,23.734096113711274,2.583181759453254,4.855291225826839,3.025054975467294,23.403491508931335,27.14483213975764,15.528482859678585,66.80167362774998,61.19641122485448,-0.998195433059714,-0.06004895851494849,0
0.2384025328694968,-0.026044320354534217,1.9373475724325948,0.21459280215333973,0.17383182684023307,0.09179856730270519,0.30595929377544573,0.1087608893144245,0.0904198395580451,1.693540047172084,2.1853827311587386,0.11406987965725869,14.878392859794628,4.764391175806027,0.4959464286598209,28.44709285888943,19.500201153576796,35.31016259494895,42.45502524940608,30.0259207936978,29.458613444772073,13.36481609959834,0.47753588643748823,0.8786122450571483,2
0.5283081701053641,0.38579370574032124,1.2069831495114085,0.47987025630048863,0.438187035820238,0.4479857602215735,0.7123188794685622,0.08194944657080551,0.05600878869480237,0.9853417913160025,1.3474565013527227,0.1391204587216327,33.113416632219696,7.3287203961874505,1.1037805544073231,13.222281125770106,18.80645928471855,31.160959106239027,35.197377422660836,25.208150257580453,47.76977569598271,29.095907278890813,-0.9552106508146316,-0.29592670134728966,1
0.32923088388134786,0.2577459754802055,0.9758318534434003,0.29070300779832925,0.21430885790389193,0.23212431284358298,0.4395769400887036,0.040003579180498065,0.061126553661294825,0.7364558141751956,1.1892532732767527,0.11447670046147332,23.56259790434098,5.4727917330413,0.7854199301446994,5.376977249148528,9.596994062436268,29.18652864306241,38.92189977700835,19.912557777915893,42.33922814014401,36.287705936132376,0.8660254037844386,0.5000000000000001,1
0.35656881270415,0.15898254554649324,1.496649160535324,0.3266105928274312,0.2733898190384693,0.2971927714775884,0.44635009325367436,0.052927383660304694,0.07722912921831117,1.3762632063889686,1.581441338074569,0.1787208387539982,17.627836943345937,5.844512159870757,0.5875945647781979,14.774962582088932,16.65163173304702,29.268578927347967,37.4169276456807,20.25731474808368,50.70167314479514,41.880159349865835,-0.5074150932938452,-0.8617017599480683,1
0.7400589132282684,0.525880018728337,0.6318492024699911,0.6791710374360368,0.5178709726515843,0.5436791248553987,0.8256905328594175,0.07984220166411386,0.06920103744310933,0.4944790619469552,0.7019766981746978,0.18614165038348324,68.48773807182769,14.814783963489822,2.282924602394256,4.35921763872616,10.186386827196849,22.770767954927692,27.025540745102656,19.15207332603606,61.803628430749065,43.83374460287696,0.01716632975470737,-0.9998526477050269,0
0.2889098654308554,0.12205229830353725,2.4326410625539845,0.2515036605317113,0.2176154188165403,0.22357623976106372,0.366648768246778,0.03239423072369075,0.09687233233031677,2.2891835909175606,2.4978113740104555,0.08503127028895525,11.846426606019518,2.7896070265508444,0.39488088686731726,24.543282430040172,12.433837954363836,39.40303059899084,48.13965602996134,31.308191460935237,31.207287995188743,22.493004687205158,-0.23803327706148678,0.9712569994658311,2
0.6590888807137882,0.6178274001167985,0.4060772373449082,0.6157009976578528,0.5165413908979449,0.604350958989942,0.8556650083469859,0.08984205520384962,0.02570053822122069,0.24170278309947088,0.4885239185014041,0.08286032136527868,82.60938131640185,16.040309549976225,2.7536460438800616,3.4162938182979796,14.652546014772327,24.610306881334505,33.410196066677074,20.294864215627243,69.16011600742243,60.71962935185735,0.22132528438243257,0.9752000402445825,0
0.7986212527455788,0.667613966553134,0.570401770126509,0.7125984417873061,0.5981987101934243,0.6856621552066604,0.8840288222475484,0.08498828899658925,0.04426201180540765,0.375109427103908,0.7903968444226414,0.15555289661911936,96.32638144793788,15.411817013004608,3.210879381597929,2.3993781015195443,11.735525891515051,21.118179013010316,29.116548076657203,15.782780242152256,75.75549661417479,56.03872799615576,0.998195433059714,-0.06004895851494825,0
0.6469608796062266,0.5594063894704444,0.8342995640947302,0.5748725849247313,0.4803368725225012,0.5812757035560666,0.7956376752966821,0.07053338426323666,0.026783361283664257,0.7023185861554725,0.9174905431538871,0.12748589426689688,82.56907882122525,27.548992928070597,2.752302627374175,2.4793786753938543,16.323917322229825,27.379995049418365,34.12887175357607,21.40603914934176,63.89181791162373,53.107854023923736,-0.44709379298511404,-0.8944870822287955,0
0.5520856391593573,0.43811815379556546,0.45876312338855246,0.5185928017422085,0.3783818725834981,0.44254714772911785,0.7055146518140915,0.08060671342901188,0.025332163244855196,0.20909362110996255,0.6694838304768596,0.19572990363515763,77.00277729065184,23.67910996636578,2.566759243021728,3.2762099031951086,8.2152021918764,24.04710943107573,32.745989230213866,17.72966089026301,59.157084218901986,49.12789846772755,-0.9955457941960382,-0.09427922177542443,0
0.10318174153256827,-0.025246830097663486,1.6255241812278758,0.0756024864524118,0.059100275975583316,0.020019910478551978,0.27068224532126134,0.06620785804123194,0.06810876858226834,1.4811008323812276,1.8672333025926933,0.12147340960307394,10.579599638038909,2.9967142055866227,0.3526533212679636,28.90482712226693,15.67755135570022,40.05704792481204,46.998707869919485,36.74163085137396,22.968009332188487,4.119876794105636,0.3846650997070012,-0.923056206884176,2
0.7303345035229627,0.593551837122835,0.6458079375584163,0.6530784483941126,0.5763446290035046,0.5877954657666014,0.8102658711623345,0.03230778592257921,0.02930931183083809,0.43345397994038876,0.7481490743055974,0.14512132074436054,112.8741747595074,18.414176812009362,3.76247249198358,4.032805739307249,16.10908786948207,20.64186996529314,24.170955262271608,16.481632726536596,69.51470875695108,59.66929857063967,-0.1877185654371994,0.9822228566828405,0
0.44142204303525145,0.3397717331389096,1.231867182635023,0.40097074477851324,0.3254367774475525,0.32867837637122854,0.5146506791470746,0.09381013601937416,0.06251833970254567,1.0430945502598765,1.3784941117481229,0.05215594276666665,20.25541856494276,4.67237535123462,0.6751806188314254,9.454529297342878,17.5819904783625,30.886821423275062,37.27063707893609,27.78060202995011,43.03586270218849,29.840005694012447,-0.08573050015569487,0.9963183634476755,1
0.23136950850387172,0.09475134848100941,2.153289540901363,0.1929594645849979,0.19011064706456168,0.12214939323442875,0.3438737344548918,0.08624480475966555,0.0946648304278671,2.035156176737014,2.2181112907614406,0.058441248216686115,4.846066026086268,1.2173669393363011,0.16153553420287559,16.29636948670856,17.70489754150209,33.05598396026141,42.04900701226542,29.926783381481798,21.821886331748033,13.01319246169761,0.22132528438243243,-0.9752000402445825,2
0.6342803529062142,0.6384433910624945,0.8292063759215059,0.597058492537985,0.4548688707469889,0.524641193211795,0.7097440386693453,0.10558751725800483,0.07537290733553055,0.7593707560040628,0.9716654881216273,0.06448017052931612,50.90971804694158,17.62690470894336,1.6969906015647191,4.368385570931694,9.277773093664198,21.613018560381956,26.00791091564956,15.453959769177171,71.70212841426616,54.635917519104055,0.7678804460366001,-0.6405931786981751,0
0.4058869789979741,0.24102819375262485,1.1654199198614512,0.3544645690522631,0.3280655248742632,0.2988146961740187,0.47124204168545547,0.06729675579466457,0.07732850391680249,0.998913164373304,1.369424165552617,0.17662788437361227,25.709902481638323,6.425846796702447,0.8569967493879441,12.179326909401018,6.862530523144076,28.07754986816017,32.143581597633755,19.033539766507797,38.54254288396508,24.00344923284358,0.5074150932938455,0.8617017599480682,1
0.6045474901621302,0.5023199053150775,0.717546825433822,0.5474658345852518,0.4774229033784281,0.4375706808894586,0.7847883659733872,0.08471145835141002,0.08320243490456491,0.5931134206663193,0.8574947939239299,0.07623221557639391,114.61827866832107,18.518748045478212,3.8206092889440355,1.1060472090980111,10.228879152440797,27.75576346620295,35.29529720703377,21.121191470741515,58.716568193827825,41.335333231968605,-0.8906165093267404,-0.45475513555610575,0
0.7516406642217636,0.5980592130153194,0.8752057420382794,0.6725298293934407,0.5839163352453273,0.6893961669171751,0.8503285387068041,0.03325443424722859,0.04363558219819362,0.7335683646907009,1.0240482314883395,0.1989225258498606,74.53276369837435,22.812474081551144,2.4844254566124784,3.487357308346418,6.049199594207577,26.42282758878409,35.434177544230394,21.570382400306592,72.2100599106934,57.100146788507445,-0.034327600513243496,0.9994106342455052,0
0.5866114704534336,0.43044146285980966,0.4472214803779642,0.5150257772112142,0.43202315760075694,0.533292937724084,0.66356393678397,0.06721941913728163,0.0972657728922576,0.38858673321856185,0.5900079777156315,0.1319972330281683,76.04353082480748,22.17005568660974,2.534784360826916,1.6993748188403308,9.30599713868201,20.50699976378214,26.65877948678237,12.662484234611558,64.33273290699383,47.89819353947942,-0.3041148323275178,-0.9526353808033826,0
0.054595247443810516,-0.014494333938004589,1.841569632944275,0.077688183445581,0.04242465548581735,-0.0375112139258786,0.14691858504923141,0.06853110310365372,0.02360927028811676,1.7019745945165696,1.9526348127509283,0.10058298648653391,11.725306466495962,2.776990140857417,0.3908435488831987,27.761677354989907,4.01363391458357,34.408780637054825,42.38528809429001,26.297071473163022,17.035090570020316,-2.5035185430331772,0.926323968251495,0.3767278936351851,2
0.25328749709095355,0.10198450750357085,2.215267082509244,0.2274250077559675,0.2229576507995507,0.06846519087000152,0.31252099873095346,0.0806531349858267,0.06279232691061154,2.0914558506408834,2.4613499545558057,0.12726265642576778,10.30299740602365,3.091025586307122,0.34343324686745497,19.31325059138165,6.290237345072734,38.77894918496088,41.84797428332085,30.7204187705334,29.08518149004839,14.439986787276899,0.9732643737003824,-0.22968774213179563,2
0.09700392929907224,0.011088049024373742,2.102669960944505,0.1166333944688718,0.12497589521764332,-0.008016953471928615,0.1575216361611207,0.0485443704191601,0.0326473869826279,2.0087461518486376,2.185595410257588,0.17417429105992893,9.501961788536589,2.448814018745948,0.3167320596178863,15.455693699316937,12.033134138819536,33.344901064955025,42.37390539423837,27.630954423037412,24.520414137602398,12.780976824158579,0.4004539056512664,-0.9163169044870048,2
0.5123835538719754,0.1625536079226138,1.1577737183381065,0.44927087731407067,0.371347047596403,0.4334095526107105,0.6235669951480675,0.05465899033887163,0.07643920197384933,0.9791528478145364,1.2523909852439015,0.054375483843611495,25.696391649126248,4.023318462055774,0.8565463883042083,11.607985296909103,6.4149120623838805,31.643145829157003,37.44335328106104,26.942528297347696,41.17604550699231,31.27264656115821,-0.9770638564833509,0.21294651993841537,1
0.5356647942416577,0.23390581824447793,1.403892211322093,0.47877293694308437,0.35381471112425544,0.3377995568037965,0.7159483484790768,0.0308589017760504,0.09502606399880538,1.1593334709908043,1.6121647951466702,0.056233977240838784,30.2686392879473,8.35751050327813,1.0089546429315766,14.513968619791061,15.789876943043252,32.285930359857105,38.838494021142424,24.322040019455542,53.06496210190261,43.19438208802865,0.8391377545563939,-0.5439189543287246,1
0.21924418807775714,0.06909734451372748,2.1789008422302074,0.21409319024768525,0.19619080613279774,0.10467015056303063,0.3442942364291605,0.09976448356760433,0.07433976010594197,1.9706614098132678,2.3959621344018975,0.187738725191196,13.198943454575604,4.348374301026314,0.4399647818191868,25.284045998173113,17.536507286402614,35.38139988483808,39.86024601099946,25.73013490911179,16.86595710953487,2.9711297777972234,-0.9263239682514951,-0.3767278936351848,2
0.2583935274114342,-0.08735078658085457,1.7936323917598742,0.23653471154655614,0.20721728906465015,0.0832767899214854,0.4025269309920312,0.047283028712534654,0.09512873765861513,1.7400656337211495,1.8953687465201599,0.09422984421045455,10.39946202827238,2.554309662846921,0.346648734275746,17.967366432619844,3.9014381075067828,41.893406378396236,47.13830137368549,37.939642280001564,32.95057244753729,21.4129669144464,0.7567706633464626,0.653680474772006,2
0.21969705556506125,0.1327725726270037,1.6415212024499601,0.1977258929703056,0.18194819030256162,0.11119464645292713,0.33862142179472277,0.07068393989218215,0.05134173936096026,1.4890789990879032,1.8640970592698052,0.06038451886184476,6.140836967751277,1.7427126796630175,0.20469456559170923,24.39261110690842,14.342625959612427,39.7655747178522,44.75399795241021,33.282548708773255,30.154698890045875,11.692455618114504,-0.30411483232751857,0.9526353808033823,2
0.3682601548319517,0.21237576992068544,0.9910652459106613,0.32398505310777126,0.271345219003057,0.2586694339058827,0.4656597260007358,0.055408245078964816,0.06649723819915067,0.8102211535048587,1.0740520512812075,0.17475869469576347,39.25539927926525,12.141316335866598,1.3085133093088417,12.055627116496911,9.920305249442663,29.162523966334597,37.681320682948986,25.63311141949275,35.49235967682477,27.530627420457794,0.8483511978123038,0.5294338912181853,1
0.41390478910931294,0.20502216921784663,1.4911047330544047,0.36945941884213124,0.36341791004366086,0.30000516118904874,0.5513077110925004,0.06049317194443633,0.021092934837648753,1.3240976993106723,1.552193780195173,0.19733840914049228,33.14536185995463,6.285727955821484,1.1048453953318211,9.107092453916662,6.321102334426342,33.98364045159483,38.08206135585542,27.219855799309126,49.46143272099338,36.54072098593639,0.660152120671232,-0.7511319308705197,1
0.49862020446337657,0.39216865139358925,1.2992191250513425,0.4212569263186647,0.36427856121017427,0.3606434373077593,0.5978780294058674,0.10654538054957373,0.046867478963145276,1.0670861259745648,1.388552571529404,0.06039616595574423,12.000816442163465,2.4917643751793026,0.40002721473878217,6.373617459686742,12.017211745563126,31.321044255345143,37.30390085215254,27.291939571046694,42.20750984726341,26.881490486623058,-0.254671120241229,-0.9670277247913203,1
0.5182772106910569,0.3866890087934258,1.353800561749732,0.473203229583514,0.3298258722724063,0.4354083009904368,0.5929671017459931,0.09892815830962784,0.08929816244629415,1.1596555393443961,1.4191596986070787,0.14496276897443577,36.363077493787436,6.294491376475039,1.212102583126248,14.93783975378172,13.370736872781777,31.979865789232285,36.61732553468798,28.91392679742517,48.38713968481497,39.44159702173101,0.44709379298511387,0.8944870822287956,1
0.2634664983813009,-0.04677643633500164,2.1150912873699883,0.1966136746809798,0.20848434396734222,0.06935728514706441,0.34898843749936626,0.09194099496020844,0.07248889203825337,1.9726189305404416,2.3071762306473445,0.09056692782071396,12.070889756121465,2.0130519471292074,0.4023629918707155,19.747526688939306,13.965166863356645,39.81256953782852,46.03152710413155,34.05495968499443,22.62830687566713,3.686920700269418,-0.4004539056512665,0.9163169044870048,2
0.3267642946385465,0.26014338200307685,1.2902551492943186,0.29224431517504373,0.25751220783615003,0.18685834570774854,0.44528696532196677,0.06992070109486524,0.028512941032227568,1.1225820114507874,1.3416232989239913,0.19003706840100343,24.001842813038515,7.616887302721016,0.8000614271012838,9.522024791035388,10.291622311393075,32.057333680596955,40.723326099836655,22.915482262830928,38.027423425265496,29.43854048399354,0.3846650997070012,-0.923056206884176,1
0.11340390690964104,0.02815126325539699,1.6317437996319641,0.08660894048730693,0.09228538775129654,-0.06884726963338982,0.24224081301897732,0.05632863856334128,0.03815087318423559,1.4406712614526278,1.8481913879442098,0.0664099888190501,10.092825567145367,3.3736742346543944,0.33642751890484557,17.22776136385676,14.21942672263247,32.5640135776079,37.91280017291365,26.09387701049068,29.624422197464924,17.413308511319084,0.5511016400746002,0.8344381237138473,2
0.10630997558381157,0.14357624077761935,1.7365679252111001,0.10391862538560459,0.05270362241720737,-0.09352491747311424,0.2542019858459146,0.08551351959380177,0.05675866408401323,1.5221256941495593,1.8846974250792456,0.05151067022484248,10.110110346940667,1.6953393053969263,0.3370036782313556,27.857894303802084,14.396011874250584,33.980309466310935,38.45473152223104,29.406619169739642,32.596208714393704,18.724756330908544,0.3204232733919116,-0.9472744722987168,2
0.49551269231593964,0.1654714254201188,1.4416233062672137,0.4503751219869425,0.44081910877934116,0.386146040366875,0.6570279684093688,0.05612295948352765,0.05457848476036066,1.2461328280099897,1.5604849129312055,0.05556699799434534,25.07472630480796,6.887584653413855,0.8358242101602653,5.207580321239642,16.574232129817233,31.038365232566697,39.1682335934736,26.962576281915972,36.685107548359426,17.958857547988302,-0.8906165093267406,0.4547551355561054,1
0.07642515096982518,-0.05106349261295867,2.295786731176502,0.054342904117331864,0.09604753261561887,-0.02387420014901516,0.2513648982287624,0.11399025551872154,0.09933595688148501,2.155502130455508,2.3551945418594515,0.0964970204653205,4.931614312388861,1.376871467304845,0.16438714374629537,19.160201425869438,12.251096621932113,36.56938849898249,44.441631624586414,31.438814014975634,32.498788112053425,21.336649176438303,-0.9732643737003827,0.22968774213179508,2
0.311312297254722,0.18262531602929605,1.1955594031330885,0.26025562560384585,0.2104653617054242,0.13690452473336578,0.4538192034017384,0.06615272034837988,0.05968341808132664,0.9956502902888715,1.4361262809672053,0.06506863245214527,31.914774324468983,6.617636184868845,1.0638258108156327,7.670750074563324,17.84628484538138,32.394217904281355,40.08734456125892,24.564037136696772,51.24155222017358,32.66712401762487,-0.9499899229945011,0.3122805568857945,1
0.4549039817362306,0.20423906146596987,0.970368088680267,0.4217685871243532,0.2861115939785235,0.2659577401980512,0.5772450817484621,0.06592134904004696,0.043633762905101195,0.8610605707562147,1.2026946714219622,0.07994432114898764,16.780995903659562,5.720382338934396,0.5593665301219855,8.967550564555292,11.842292412339644,28.086387322422617,33.0970767582465,24.740940376540667,43.719903611411716,23.74639322398091,0.3204232733919116,-0.9472744722987168,1
0.7396917491780739,0.5835162238703057,0.4940605798618807,0.6069148015669809,0.601239416428411,0.6568096510743673,0.8569957925714535,0.11432620407279565,0.029710913452752515,0.34476834939082074,0.7092562224034971,0.11165316128983188,85.66226437351295,16.038304152576636,2.855408812450432,4.404353795994642,14.977425276466569,27.358844931302084,35.07436285362644,23.04478809145632,72.36741177136066,62.22773457352284,0.7101350157125358,-0.7040655221348058,0
0.8227961206236346,0.4482424154252496,0.5594878151468807,0.7588995920334712,0.5799193386221219,0.6572350079524656,0.899942663530058,0.09130060685684846,0.06049134902721953,0.3642918331498216,0.6793890895642445,0.06660808899894735,88.49397075607041,13.412882314300775,2.949799025202347,1.5764516891530516,19.74259284696209,26.478995566837078,35.35760681348806,17.209272123505627,65.2183542774524,50.92546127690785,-0.4623829729035149,-0.88668031802274,0
0.3222474287140867,0.2661532922022427,1.067362845644086,0.3121880222992567,0.2385713711015349,0.2015511875279685,0.41419287648806763,0.0833750570970622,0.03500035656951843,0.9542141651472786,1.226496578637813,0.13118573216507454,18.153595482403873,4.535384768374451,0.6051198494134624,12.463628843132415,8.196936308778305,34.96207392324682,43.41044852671973,25.603517100355248,40.87069584917321,35.70871996333053,-0.9499899229945011,0.3122805568857945,1
0.20406351014270313,0.10615658820022322,2.1696839724632726,0.18540202310028836,0.15991781200565472,0.014935957786529452,0.2914028582998922,0.09543940041526562,0.08172571514630649,1.928221249824998,2.3349001482661715,0.12353329619806114,4.740070842995907,1.1340967114199967,0.1580023614331969,15.023691316168678,3.13654168588559,34.30342832102351,39.55951063484387,24.830992577839588,19.203516704678467,1.3435993516751736,0.8199717629247771,-0.5724039727378148,2
0.37070028266762495,0.3850457978130206,1.22734927307524,0.3310766929547506,0.24283569645675693,0.22641532257053246,0.5315118091100145,0.1031756517492708,0.0964674517740131,1.089619469388043,1.4615780491114083,0.19386263634236056,34.12287008900778,7.7612198324169315,1.137429002966926,7.215172721131058,13.476091038620408,28.100316341069007,34.356754372920705,21.254316055049394,41.32155367686528,29.091760874469188,0.8982917515547528,0.4393995096591417,1
0.35456496817343236,0.19861191110792215,1.1764018979000934,0.35485688846541763,0.2723096838258881,0.21182134836021416,0.5322077530844525,0.11880188504553217,0.038592323697153055,1.1014278825189088,1.2671529950700822,0.1720565406135962,19.209168466270548,5.55668392596237,0.6403056155423515,9.765264708322373,10.457352124536783,32.90507864898984,39.304493787214724,23.37567968964718,50.664309093133575,31.511011908392433,-0.7454378568682999,0.6665751282095634,1
0.4214543572281579,0.2649127049148931,1.1468247428475538,0.39052326715119723,0.3502799022815393,0.3632775681124839,0.5902447006727225,0.06841724959155807,0.08110852001601712,0.9399704829862103,1.368244130769537,0.1572347657115933,36.17965216528167,11.876433456854214,1.2059884055093888,10.349666734094441,16.742082982467256,31.43285963429859,35.30389908992588,27.31543033688451,49.52222518689274,33.46627242223011,0.6070575744291006,-0.7946578517376249,1
0.6247876687446625,0.6430340184037542,0.8109300296451781,0.5514554258755159,0.48662695402637035,0.502796843537094,0.7748173073765782,0.11047717871977064,0.0459740741512048,0.6486331120532733,0.987846513155239,0.11650700215687818,47.09620270056445,9.156216449300059,1.5698734233521483,4.845513150704057,17.664888009536043,26.570058437376105,34.11531470941428,23.104815156942202,61.807683162984226,56.02784288331861,-0.9387101892619443,-0.3447073839879337,0
0.8184482051282946,0.6547670231482534,0.8017404651924243,0.7016327451507015,0.5990870682772595,0.7353327632099805,0.9271104356260588,0.07952038879406356,0.056784033901545614,0.638736066620621,0.996303325834121,0.1707360165262158,108.1745200254832,22.169368672217445,3.6058173341827735,0.10634705425193569,12.924137268739898,27.720215285332102,33.75836209429342,19.899793880176972,57.60271454961435,46.764257474237525,-0.6471606673266059,-0.7623536388483905,0
0.13318353849596387,-0.044055403432255946,2.489736597712271,0.13567305541914687,0.09749164593343713,0.08038655053374644,0.2127235616120944,0.039943526517125835,0.08419678522698965,2.2882561580460656,2.7365752760559836,0.08369910501576072,10.986621886956739,2.6268522556663636,0.3662207295652246,28.315865968399812,18.59032938071314,41.51442638887332,44.94930678391399,33.42045976002265,15.811919706047469,10.23553502146159,-0.9805753940631429,-0.19614254142819712,2
0.8352142919229748,0.4559555531199563,0.45803632025345814,0.7546287229703884,0.6548365128059168,0.6736880534792336,0.9599436493909457,0.09013915186995146,0.06125435421571983,0.21433856473458135,0.5351071367089952,0.162323950544496,118.89685955836823,18.39560237330406,3.9632286519456077,0.684093154594807,18.993336848552836,21.222873113474655,27.604150996386885,18.208928166941163,66.31098790331734,57.4173411641916,-0.8906165093267406,0.4547551355561054,0
0.29907420106130644,0.0015274951256394609,1.6468941639129326,0.29628931294710026,0.2218519226348363,0.16571847200251455,0.4318983251069583,0.08469382006487344,0.09510081017310072,1.420760471402903,1.8259964610086725,0.12617752147062222,13.468471571613781,2.8056919735615033,0.44894905238712607,24.170355196475736,8.262213861655496,37.61151146671956,43.25887424828713,32.73659702280717,15.405606297891616,0.045586066310784545,0.8296770135526188,0.5582437220268648,2
0.17658763832020308,0.003790896651025999,2.4058501920987956,0.17154742477504129,0.1449367686185136,0.037496545178692275,0.2455130768425136,0.08935010928440743,0.035319472794464186,2.2766030871913348,2.5843119832569994,0.19435252001574171,6.069675426601489,1.2797865860830764,0.20232251422004965,29.523118915550494,9.398604439507384,34.403123102966745,38.69023578801368,29.57950098491496,18.272480004204677,4.503149870504373,0.5366961939916004,0.8437755598231856,2
0.6054563366576582,0.47117472624904,0.7483685826820754,0.5501171397673168,0.4596077388358545,0.48774828300820683,0.7326789397471117,0.05309065053312274,0.07201608739185227,0.5899211415837058,0.9106131403385804,0.17875125151986815,93.72585564742397,18.5932095403345,3.1241951882474654,3.0793159409115227,12.256448304765707,23.29472731317815,29.32980686160645,19.81140596897595,60.549304048323734,40.68911669233725,-0.938710189261944,0.3447073839879342,0
0.051360927297922646,0.11191008237731379,2.4237431312666486,0.04753430792347637,0.09330853798461478,-0.13407056976152676,0.149289145069044,0.05502438735000053,0.07151151534185682,2.2450072840752155,2.5447421394743195,0.12063812396264532,9.717334572366536,2.7542625463238406,0.32391115241221785,18.919925939113526,10.617277576887783,38.84773158279199,43.96441682557897,35.499076439708034,17.822192966652985,5.739225387380355,-0.5074150932938463,0.8617017599480677,2
0.808931027762678,0.5284552444951943,0.8753035734687781,0.7389636099464841,0.5924116446156688,0.6432927510660702,0.9467341824221909,0.049506582008169805,0.08620303164534995,0.6336888774449021,0.9662798282989206,0.061845374328624296,79.36930344636306,27.480475809120982,2.6456434482121023,1.9216332357984083,17.561132803714756,21.857701561174537,30.493333790644176,14.319475509009868,69.7573735628702,55.21826866046953,-0.4161246959914748,-0.9093075592922356,0
0.5282327511936725,0.3768122360891014,1.2042494544361602,0.47284349618484134,0.37575707681325404,0.39544229703460254,0.684999442942315,0.1126669442493466,0.08814767406711103,1.1101839757486436,1.4510356424646407,0.1816967573749489,18.942269515744684,3.7975526894957805,0.6314089838581561,10.300624550517323,18.29321011097501,32.186063821301246,39.40989330684297,27.046524343447963,51.63081572675331,39.3401527494835,-0.8296770135526185,-0.5582437220268655,1
0.8396896099223679,0.5926094938462863,0.8805952819119571,0.7589177767700791,0.5815404115107067,0.6436662645457583,0.9831345974568904,0.1022723308049397,0.04940275378332251,0.6753057926120122,1.076759474908103,0.15060984678587513,119.73094696591244,24.183375902066903,3.9910315655304145,0.1850381735774631,10.184696349231356,21.23490172219362,29.142878883115934,14.507373257281747,65.01907652188315,55.327406683727844,0.5653446739747428,-0.8248547748594245,0
0.3342723645196891,0.1664230291224148,1.3840545382734757,0.2836849102950646,0.26912656008123964,0.15337848169680462,0.4921337075963109,0.1086612304177844,0.07128198861082838,1.1477587397541396,1.4776042792402801,0.19467323375357815,28.419383688201812,9.73624209833843,0.947312789606727,10.624293741179208,4.238370058268396,29.45448394673184,35.16785632314905,21.514170589472947,41.26532953161221,29.68770928112766,-0.5511016400745998,0.8344381237138475,1
0.2605928334545805,0.018219830552636262,1.7882958045542563,0.20831874890415747,0.14634520123629763,0.1232392151949856,0.36182174476778506,0.04928298909088659,0.07753424192415836,1.6493347055425,1.927941407459474,0.19348562861782398,5.185953782894969,1.5276793102807227,0.17286512609649896,28.770157651415257,5.230663209838671,40.26807112781033,43.73294407041946,32.65244481587388,17.551363027285685,6.474831121578877,0.22132528438243257,0.9752000402445825,2
0.20473379069085845,0.11389722351889084,1.9073822791191404,0.21194652430286143,0.1793900183245604,0.09182561596290555,0.35333161446429934,0.0346693869834593,0.03424162594338163,1.812676714658838,1.9934534727754707,0.12343813943645712,7.22705163808412,1.1869062874295184,0.24090172126947068,26.193815177194324,6.277647509502313,33.83198245126635,42.066165150758195,23.946484734036666,18.365208886760083,11.026690233660881,0.7101350157125358,-0.7040655221348058,2
0.7639734361668985,0.6088089390024919,0.6472101523512908,0.6808997027550885,0.5689517022595847,0.6951955673365159,0.9540546887960842,0.04227957773010598,0.037216149761379005,0.47860128551393394,0.8790541935236028,0.06723994955893503,52.15221548098355,15.31534477108932,1.7384071826994516,0.8351697304603761,3.428288037306899,26.352201514162367,35.797567773405866,22.87120577009464,67.18577995623784,51.69118641190601,-0.9499899229945009,-0.3122805568857948,0
0.22917964644191047,0.0808486722137321,2.082395508408503,0.1824555060083941,0.17293150137176597,0.09263454987165481,0.3733055695721754,0.08736532481416213,0.07619340225202917,2.000002071527915,2.287992393606194,0.0935441773548372,0.21772641791413194,0.07254329613258795,0.007257547263804398,24.762040352150695,15.124723086310787,32.5948016310839,37.885553786424616,28.826320955391065,28.779999699771366,16.143750099422093,-0.23803327706148514,-0.9712569994658315,2
0.22334547515371383,0.11248437285118093,1.9368600365571265,0.23311459266500548,0.19066698309604557,0.0752807996897284,0.31966332390660174,0.10669329730200104,0.02242345811837005,1.8180893214486107,1.9947419436152045,0.0711167510018348,9.410948329737696,3.1548183429815846,0.3136982776579232,28.03682421421552,12.11707221855217,41.37741654934822,45.952066856487455,38.16317807498989,23.573296487789698,11.358014790782772,0.30411483232751846,-0.9526353808033824,2
0.8318496824692567,0.5948898697141644,0.7675355219019429,0.7645344886333754,0.6301770443101813,0.6777973486020334,0.9063782633570101,0.10253932947976423,0.08246092688547518,0.6580258316381787,0.9895634605718299,0.1630942855395176,81.61308008895946,13.486385493823152,2.7204360029653154,4.350494369504649,16.270739196234473,26.644955262301835,36.04679590924175,19.245970065999725,55.492763443859104,39.88180844336519,-0.3527520865490943,0.9357168190404939,0
0.09863699242497782,0.10898387250412697,2.211265824710453,0.0919732840984238,0.10597169687843137,-0.05061700282874769,0.2497457603380322,0.04384433320566698,0.05336425629623365,2.0020286350236787,2.2671610951353425,0.11763610072834314,14.766629303750523,2.2599236230250748,0.49222097679168414,25.338660299430344,18.013029913471176,39.77204247350852,45.744460592040554,36.382991762872976,23.124981919538097,8.053111450032677,-0.8573146280763322,-0.514792801509831,2
0.48347078270063537,0.37177982930592457,1.4052093969040464,0.4379995794496254,0.37010095781337216,0.42040438928142027,0.6155984653096346,0.04986413273499768,0.08290653243160324,1.2875632034405895,1.4708697309999579,0.0934154552045033,28.492845321156103,7.736865393043084,0.9497615107052034,7.794453073189026,18.854874794598793,32.11387912801282,37.37623887701446,23.367997471078862,47.721368407044515,33.55601723391565,0.7787639308347607,-0.6273170968742938,1
0.49605154359131676,0.3710887876139384,0.9008077625739382,0.47055292387828135,0.34366307785220895,0.3604901198807705,0.5555174989586487,0.10176549221170007,0.061116435735256644,0.7812512819641608,0.9617463974891918,0.1848001552328996,37.919274290558796,9.783774332909168,1.263975809685293,12.110009619498111,4.538437288629735,34.49636225160194,38.75396101245986,30.324068817751638,35.80577891469084,23.730831172913437,0.733885366432199,0.6792733388972931,1
0.6137017332034829,0.441256283243798,0.7079250490261082,0.5393315082666654,0.47323397624283037,0.48270392624610453,0.7330951767143803,0.07802422920541906,0.0844740320094097,0.6130019266573378,0.9098047015097009,0.06044617222436087,73.45944290324951,17.980077642726908,2.4486480967749835,2.4471248182157024,7.802031248290063,23.182844792365934,30.548386240397797,18.626315659128743,79.02675793673637,59.08439283425469,0.8982917515547528,0.4393995096591417,0
0.4862948738424036,0.21484710018579906,1.079269722632551,0.444159158090865,0.3735486047648144,0.4329819970472266,0.6168959483688807,0.11508344846533,0.08929862962141363,0.9724580448244651,1.2710625760573064,0.07743395796030031,21.824081403478843,5.384934221338556,0.7274693801159614,6.155583766806317,7.14185567887491,29.39169842656182,38.37288400885964,23.258708773006013,47.49959496752071,40.94690076242874,-0.8391377545563939,0.5439189543287245,1
0.816163822772898,0.45084782400582774,0.7957895218629243,0.745765829454433,0.6200837375616624,0.6466832291264715,0.8720653538731744,0.08350287016675556,0.0808231858497708,0.6560673956720158,0.8512230061080363,0.05954613639299636,46.06906624869311,13.88807475796156,1.5356355416231038,4.723660111457051,16.365496088437986,25.02166442457134,31.6718075937395,20.48088514323807,74.09014485399402,68.80297183404147,-0.38466509970700097,-0.9230562068841761,0
0.17829250408264108,-0.025490166976387257,1.6334688792821286,0.1257869818294437,0.15979189780713898,0.08139010432847224,0.3344746083681214,0.0843486520643571,0.07000214302482631,1.5402086912228963,1.8066873435121273,0.1489704052100475,12.085130685640562,3.4428907195608143,0.40283768952135207,26.41913184525619,3.644951319910904,37.328764346967475,40.790266572469854,31.096317256504044,22.198280724307267,11.225131262537339,-0.9057022630804714,-0.42391439070986087,2
0.32646330896947723,0.3310581369029873,1.3835873405205503,0.3111097217505887,0.2103177648067907,0.23157850832431814,0.4289931111229601,0.08535581668720302,0.04226141286550157,1.2649769940166202,1.6087243660377715,0.08310486121780028,17.874117553637937,5.98128284819263,0.5958039184545979,14.540422650780858,13.327019816445677,32.811068938077625,40.845466807247995,29.10213607126058,50.303876675087835,39.95801918558927,-0.4925480679538645,0.8702852410301551,1
0.48843351760700116,0.2189393511103203,1.0251530206446304,0.4567120829309012,0.35882469762719,0.3402247153322347,0.5546567697930047,0.07052491293974317,0.04862038106349714,0.92301126581806,1.1438132144837787,0.1250050873354412,21.69699238873242,5.784711880514479,0.723233079624414,14.324889235898018,8.799538538934613,32.272642467228295,39.923797066881114,24.50867457770329,53.239191683992665,42.41771065383031,0.17082974322534417,0.985300562686109,1
0.33489971683995,0.2710977964002123,1.1304255830346603,0.3257624169506095,0.24771516963633333,0.14439103346192644,0.41625527244783833,0.10385326103917332,0.05174314603316674,0.9285777871032613,1.3026538876769096,0.1399037880703704,10.38721683942976,1.9526570914639565,0.34624056131432535,12.009353650179992,3.0698054492566236,31.59222557597425,35.40004629117511,25.53615352378148,41.15748250548735,31.009874647378098,0.6729490241558329,0.7396888608649668,1
0.10609229392462151,-0.033275177975307046,2.366427402898756,0.10108788664635313,0.03911309655789041,-0.04118676009900894,0.22220708107592685,0.07801692878828853,0.057583937654282616,2.169422763263122,2.612213332302154,0.08103742810191755,6.023126070079237,1.6401894374970816,0.20077086900264124,20.34715006271681,5.450306287819718,34.238180860564285,43.97821719986448,29.34816654710022,34.24605966348553,14.756142245123595,0.9387101892619443,0.3447073839879338,2
0.8328729111737557,0.41550451635058233,0.5428560431409304,0.7620170578535012,0.608331263316891,0.7577505238348953,0.8988618657199543,0.03870088046820477,0.023333832048190742,0.4691888049562529,0.7197902977917188,0.08104888676576402,80.93419536925329,15.241413485682619,2.697806512308443,3.6171005684429245,4.162004405269297,25.573206591015136,32.1782462089832,21.068818131760366,62.21734341926749,55.94079112747071,-0.8826787983255475,-0.4699767430273199,0
0.32892532954507553,0.33786323611483593,0.9757626822646391,0.2765779811179316,0.2950328701661145,0.2339750269688519,0.48316308651230166,0.08485553019044847,0.02100771210174296,0.8455330883662796,1.1301093660352883,0.15337721156412754,33.74229251520927,7.331482960349664,1.124743083840309,13.646523546027456,6.864475208190466,30.480640280902946,35.47503304877,23.344929156634393,53.87148288070354,42.29231134160888,-0.7998392447397191,-0.6002142805483686,1
0.28816821662476894,0.08162418658435566,2.1618783880446912,0.23025808674254117,0.1838858722197398,0.21261312900753926,0.33942306562239055,0.1134753196166918,0.020685536864859255,1.935907978436948,2.25562645266551,0.1871660554631071,14.865847631086305,2.8633422821873404,0.4955282543695435,16.745226747861057,15.694349432417537,38.508663952541404,41.633778668395614,30.330414320808003,27.15918701664684,21.678916216855075,0.17082974322534442,-0.985300562686109,2
0.3395759750264036,0.16263979698988473,1.2326140087298214,0.277972325341028,0.2909166423084157,0.2688207448931751,0.4370082434109031,0.07925742697032159,0.08528738823314091,1.1305333869722398,1.286320255448688,0.09103130435029055,22.67968101366875,4.695654430068215,0.7559893671222916,13.029813013091038,18.11053667268813,33.79249119144971,42.686375887857295,28.882933942550792,54.189443659108235,40.959929081189486,0.9387101892619443,-0.3447073839879337,1
0.5162406512788005,0.3571220334738102,0.9860372220065355,0.45289906961196147,0.3713840091764774,0.35903629999344033,0.6671540492158391,0.09752976982379603,0.08699596760667695,0.9176817007123004,1.056590870536492,0.07241543877774415,19.217168855431616,5.678915669288937,0.6405722951810539,12.49379016724156,7.472360508711243,30.001303736398416,33.38288696577443,24.526277870972493,48.60958925048748,42.9135459602606,0.8199717629247771,0.5724039727378148,1
0.7293699936433256,0.597283867690103,0.5410172862856533,0.6825197991365561,0.5712411731316135,0.6670128368009491,0.9247818419936187,0.03390712795693372,0.024653103640438063,0.35324022587563514,0.6045509586656536,0.052700983340068175,84.15254710195885,26.204522361547948,2.8050849033986283,4.3735083634209975,19.187770356859108,20.994377787884357,25.805359282972443,16.22147110322535,74.99790213432973,66.56477019707725,-0.7338853664321989,0.6792733388972934,0
0.24448613186758028,-0.07368370937989369,1.6421408535979176,0.2096626860529053,0.1663497935382537,0.15125572779007446,0.38799468992163744,0.056837539008803895,0.08494504855566229,1.5680727655493072,1.7179482111600048,0.051603798517025214,10.978098795940802,3.655778088662061,0.36593662653136005,29.34368933804501,10.095581170909291,38.52484728406158,45.0159598397051,30.712332634430666,18.262293502333577,9.443153562903989,-0.8391377545563939,0.5439189543287245,2
0.8408753883293676,0.49761990944778034,0.7144714233899421,0.7541016746670199,0.6846718766923514,0.7663318151506172,0.9447603937393325,0.11666341877138217,0.032161988250291845,0.5464018852981876,0.8691496056648154,0.09383273456928468,81.62461607230347,20.41600727083093,2.720820535743449,1.164797373768169,15.058454084034363,22.79094613234396,26.439324513703532,16.471160985505286,60.776869914701784,44.425917408673264,-0.22132528438243218,-0.9752000402445826,0
0.22470841761150823,-0.01105647894983497,1.9152137566843308,0.22031272827310275,0.15044173504528638,0.05951340394003743,0.34364835005724176,0.10521494369830842,0.044831847623667584,1.6673766417113742,2.024426524826848,0.18959937559506962,4.057826702577699,1.394830412033295,0.1352608900859233,21.292705640062756,9.78982819859927,35.054327660878705,40.45827197379342,28.609780355129182,33.59717001001122,18.883386177984107,-0.5933267643772321,-0.8049617075821958,2
0.4739061630885145,0.22795053423894215,1.0027769746930022,0.44915175000397156,0.32676502739825003,0.28128336410104976,0.6516170252722356,0.1054747998780566,0.040696875793250764,0.8629233429998748,1.1873433126770883,0.10854433208191558,11.974352820717295,2.294950996501054,0.3991450940239098,6.392468445941095,4.0201392740132,33.847607711989724,41.322676020647926,28.20735616950002,36.8261760508934,19.74205171867868,-0.5511016400745998,-0.8344381237138474,1
0.27536170738459487,0.03182991989996492,1.7693597006635378,0.2584801524013262,0.2152027706885083,0.17163999020522402,0.40365195199428144,0.09244608476450397,0.03362153097028754,1.5768053419601569,1.957113203855368,0.19807517594453067,9.061959432848028,2.9323856359248244,0.30206531442826756,15.83624397705492,16.75882808855794,35.10577015550787,40.44741697451095,28.434624394202103,17.493948942472063,7.9527353854035745,0.5794210982045638,-0.8150283375168113,2
0.32188716600694517,0.32033825331033716,0.9846645564128107,0.30511127391917825,0.2662301838611652,0.15669166929767042,0.5111766982365409,0.07393057890903615,0.08937418835610819,0.8089831648846127,1.0375939818673081,0.18229633327109113,17.70230488929274,5.240343171972878,0.5900768296430914,14.115147258658508,14.817036871078045,30.90587457674305,40.312044542564934,21.7609433996271,46.76187275210894,26.84295994377984,-0.9917226741361016,0.1283983551465503,1
0.17207741070646126,0.0388812670156799,2.1457591779380327,0.1177292354449673,0.18805415087780522,0.11840537083448127,0.23779179117417729,0.10271691203346817,0.03648189788656675,1.9538997505544997,2.3885479247918213,0.11012678534802185,10.844151365841705,1.7160176507371454,0.3614717121947235,24.920405904919583,8.842004243571775,34.04713947595101,43.283138227644486,27.94957310664641,31.667552488633277,21.39283647692471,-0.998195433059714,0.06004895851494813,2
0.48735650149520215,0.3120589743455242,1.4250708267348282,0.44370021056370085,0.35024234302365276,0.3656951825352718,0.6628361351093377,0.046823828649730226,0.0798958782751324,1.3147108155625973,1.4846866204321183,0.07591351343693149,13.586859932561694,3.6324418915049206,0.4528953310853898,10.826286460403656,9.056248208264261,34.06404705187527,38.29310549531758,29.858866232006726,44.89042250240816,35.64541297097199,0.27123391067291,-0.9625134626077081,1
0.4164206354405699,0.31979978780029233,1.2284489042278355,0.3820442796941924,0.3049912790911475,0.3486872736297009,0.5152943230434872,0.10625424689664514,0.02922902410445631,1.1436175657487562,1.3429138691217204,0.09498114026660975,12.431158313951704,3.1642505422354783,0.4143719437983901,9.68789880506791,10.690001654138175,28.889673681529075,38.10940670120047,20.54973836510372,38.65502331974872,25.828874932885004,0.5074150932938455,0.8617017599480682,1
0.5635681866731614,0.47956071030451763,0.8952525710003367,0.48539203940154135,0.4544824372298375,0.37093865233559986,0.7295891555261516,0.10372699734841112,0.09869431402107309,0.8132382440094221,1.036912699306068,0.17440919972882707,50.72121827605126,8.053514456028086,1.6907072758683754,4.989670552666688,8.041518507500822,20.53197013893422,27.6581480653271,11.679146216483478,57.486034818983626,47.35745564740127,0.9691780654392536,0.2463612742933148,0
0.7140130838029839,0.6136537664042607,0.45908241381082815,0.6483856480082827,0.44492444817761323,0.6000858884675879,0.8308088720533837,0.08105809976660132,0.06956703639182636,0.26252210485757804,0.6792056253790557,0.09200559943257341,49.08460737597032,12.562319024942664,1.6361535791990107,4.429888741180935,4.333748877391107,23.772609508401267,26.83084910399161,15.223302713391577,55.67739981258709,41.9631441142644,0.30411483232751785,0.9526353808033826,0
0.1475215096950534,-0.003959810511634382,1.7646495049987614,0.12693539981146912,0.15126975797164005,-0.012594777489582015,0.32705348944576773,0.08041547060106226,0.05398645893146489,1.60367612159893,1.8259934957091088,0.11245882552128805,6.450830177869115,1.7978775414663082,0.21502767259563715,22.140881542529954,14.178661198338412,40.51003766797249,44.68753288431196,32.50959974015706,17.21840461749613,9.27569551342645,-0.5366961939916011,0.8437755598231853,2
0.46187911621084077,0.25844264150450436,0.9810480877354565,0.39539275075658986,0.38871631262465695,0.28454053578942984,0.6412525594955859,0.036973467641314726,0.040998800632047284,0.8104695112143694,1.0784179818547657,0.0875510401072079,37.72323147733839,9.046660076510653,1.2574410492446129,7.318412917147264,7.349833193807617,32.76390713245371,39.51180048103399,28.977204787197884,53.064472546894145,34.29809290736674,0.41612469599147445,0.9093075592922358,1
0.4100145116273497,0.18310115337411365,1.0274003845721347,0.3713228261274064,0.3125998349060809,0.3298249434071788,0.5868646139921654,0.11449892776280457,0.08574019335883123,0.9348675272698661,1.170803957876483,0.1898903311255466,12.301684805586557,2.247950005947641,0.4100561601862186,12.390914219929531,12.954541989456597,28.155529374179064,36.75659791292132,24.873560227041203,38.037723446732606,28.829806118901594,-0.7678804460366,-0.6405931786981752,1
0.5918481581956125,0.5665602434798387,0.48146721354071487,0.5373276650013213,0.4174298791098779,0.4020439423691099,0.6478645369074849,0.030680658748032788,0.0980488160687932,0.3919731155687274,0.5593162877642339,0.12689821297175796,52.033351288282255,8.591799420757587,1.7344450429427418,2.839726152763147,3.928785140016529,24.45410314411144,31.724155063667837,14.735063525117251,73.74901175997945,63.84942301859079,-0.9867305793119814,-0.16236614133076413,0
0.4721906352028413,0.20544549454807964,1.2869417431754135,0.4669667396490884,0.3266867840330283,0.35787599153563876,0.6424963757452716,0.10066708959805572,0.03806717057787136,1.0372779918612223,1.4207275879628973,0.07217786567935758,39.63248617297565,11.891900507448975,1.3210828724325219,9.828512744101047,5.617375057330566,29.706613563971256,33.23247393505282,21.139598620637464,36.63931469287324,18.82544376956415,0.7338853664321991,-0.6792733388972931,1
0.18604578724420046,0.06004846713425799,1.9595022665703175,0.194025973507845,0.16448280422929773,0.11923101069158663,0.2812690495473544,0.07127921635431334,0.045460399782353667,1.7140284544147903,2.1759002771923868,0.1805593862338553,11.30670901629623,2.643677452083616,0.37689030054320766,17.05103104093853,16.90252657665012,34.4160246204004,38.99015026304027,31.10468429877828,18.437474050784935,10.737203375022833,0.18771856543719884,-0.9822228566828406,2
0.660334939815776,0.5663062157534202,0.5386905914905664,0.6061725802798157,0.49830689371969156,0.4795674048269457,0.7686186550063279,0.03788784720874547,0.03645498097564441,0.3431027300958134,0.7310933955567226,0.11327422678082472,91.67337930652809,24.589189398019403,3.055779310217603,0.7930255264653685,15.544044742188305,24.299164823503382,28.421722666341584,15.97320550698791,74.98539697422449,67.78156812046792,-0.8391377545563939,0.5439189543287245,0
0.4749224772646771,0.3512409325998136,0.9148104943347508,0.4317209180787937,0.3544567494603871,0.3161558032746797,0.5596261236035884,0.09438429154607897,0.0851834934018927,0.8624268977391024,0.9973227355210339,0.17008041576901217,36.045078859795126,5.6263326477287805,1.2015026286598376,14.041353525781906,3.7383670730058367,31.429093337024213,36.746036970248035,28.32060564424088,47.83137133369989,33.04234110546829,0.5653446739747428,-0.8248547748594245,1
0.20273987485806366,0.044220818744236445,2.1809172126172514,0.2015970619007444,0.1500921042869903,0.0770086525937676,0.2950397777608094,0.053878179629625725,0.06767583606340914,2.077177065466398,2.246485043239354,0.11245242481946477,0.3923751348512977,0.07755590991113996,0.013079171161709924,16.433616714939017,7.181874201211322,39.90602964769755,43.0461943893355,35.74724408393594,25.274077312451112,13.050985597002496,-0.254671120241229,-0.9670277247913203,2
0.40464557138287227,0.16169646124294212,0.9633549275859841,0.36578603403882054,0.2514442608911645,0.2596560911414607,0.5005857544335645,0.03893066364851821,0.038937224467589585,0.9056035404751476,1.2085721324258984,0.07885195447308727,22.778131254008184,6.990178729624384,0.7592710418002728,5.5616200990331315,11.208935079969342,31.34834837169389,34.79066632661551,23.75509511813508,47.539368690574335,31.19930506396318,0.06861473800213404,0.9976432316860063,1
0.17610618651585924,0.055579159312137943,1.6625156447571152,0.14873461985125758,0.14075448931909298,0.09373554885690523,0.2982147049862052,0.04296935667296694,0.05528929312786669,1.4691205900464055,1.7141448943959623,0.11825231576966719,12.166308693003876,3.087342719413489,0.4055436231001292,29.95697841237549,9.014648120947584,37.55159729790155,46.07969513055728,34.06329821171748,24.065233667634462,18.408745959659683,-0.9867305793119814,-0.16236614133076413,2
0.5158664325853659,0.3644887727287643,1.248717254232574,0.49058921023422936,0.3710409396910191,0.39382229376666256,0.5916533162444315,0.1165273086381275,0.060730833033727935,1.07250737557853,1.3001258371574023,0.05472695646233174,14.450810118685505,4.648448179441728,0.4816936706228502,8.39322835655711,15.232846820739098,32.73032905026657,41.84014068933981,25.4121357585103,41.56320144707215,24.41664538861322,0.9990791668951153,-0.04290475819955447,1
0.09585133715243492,-0.023856158427857904,2.3404003314893407,0.07970774128927988,0.0887898891666139,-0.027354396489827584,0.19672601703118997,0.10291128849469712,0.08422125371696305,2.111747004235925,2.4173434776632856,0.15595531577754615,1.6970390651103546,0.43105455670140996,0.056567968837011824,16.077218756458734,15.605793289558834,41.54396902033474,49.54246725333109,38.043809356068785,24.895084808714074,13.408374414635869,0.9648061359537646,-0.26296220265651454,2
0.21369267840052208,-0.031939864373488835,2.39756219345316,0.19200013386809459,0.11609240918472225,0.020312171910244148,0.3995887279269112,0.11251259202672988,0.05437896071438228,2.2992451933189932,2.6320868232789816,0.10909812615695828,2.744029819263188,0.7864489994996738,0.09146766064210626,15.942862312085714,4.008749923708628,40.744145541964784,47.814858861904554,35.6205559229607,33.61796288742859,18.54297202928653,0.30411483232751785,0.9526353808033826,2
0.5056236623225568,0.3994057055628464,1.0100714406901377,0.45194913752404237,0.4092569428542344,0.3681544888046264,0.7028008961416332,0.10772769471754405,0.0768928070022213,0.7884053543339526,1.1150763951876972,0.10381336430319107,13.424199079288963,3.0571593079133126,0.4474733026429654,11.71587742938926,12.515196410781328,34.742113189455466,38.16158927670303,29.30078445768285,43.56367879734346,27.599758258347954,0.034327600513243496,0.9994106342455052,1
0.4308966213053632,0.27829577093919466,1.4545525647618696,0.38865836600240755,0.3772186543967794,0.300551446217227,0.5400101442215387,0.10127937300651386,0.034629162140389795,1.3252344498846036,1.6608983625628215,0.08234146478645672,20.793822806358982,7.191598893401325,0.6931274268786327,6.718765121359242,11.469378232548651,33.116157363255454,37.38061424884466,29.99024044224874,40.78881789936416,29.483818257886522,0.03432760051324382,-0.9994106342455052,1
0.6335939392709835,0.6087922618281094,0.7478743444923086,0.5746993236264684,0.4916090279084939,0.44937144086190434,0.7979367094874759,0.08612271192024837,0.027871651977071785,0.5097384954692405,0.9060330954894175,0.1425599774176702,94.32818553155917,28.464025278006353,3.1442728510519724,4.39314993177579,4.723339258403706,27.36673506093898,33.115850263838894,19.912115090205358,69.92107122292222,52.94667326478442,0.8100248628547753,0.5863955333706956,0
0.6752233009446337,0.6309980659295832,0.7730224396327117,0.6138619816402523,0.4793988536690392,0.5400921737054,0.7575745738042913,0.04577726481218937,0.03201352006536333,0.5945093997256734,1.0164477626845458,0.1223061587168124,42.93465623124783,11.283863338075586,1.431155207708261,0.4349337995570507,13.561971633843372,20.144881470566723,23.91790451444444,15.248282582352164,57.06996669812816,37.439819695942106,0.44709379298511426,-0.8944870822287954,0
0.6218685672000918,0.45198829602125373,0.7137790400420317,0.5653927919772358,0.49983107624013495,0.4492739017057177,0.7372060644220317,0.09797433784471271,0.08114981297773888,0.5778476774942447,0.8266490626787815,0.10178347142025382,79.87537591432458,17.621312936303415,2.662512530477486,3.2922591732921274,7.697424843919512,24.150704457008576,30.672631764869358,19.264121420962667,74.27280509364554,64.78205448806531,0.9128458599921355,-0.40830434224389345,0
0.11274680157901769,0.014742429516337197,2.0818652665047077,0.09167076145453344,0.051962264353094395,0.03768845115869983,0.2678606016949751,0.04662425186128949,0.07689036144024719,1.931575782536373,2.258618798464407,0.13732711042169599,1.4073280859316473,0.4021156955795778,0.046910936197721576,25.06240021163903,3.0608182582005328,36.39041488821148,40.848940411735484,29.995027571519724,34.5730816267593,17.92421818700948,0.3687629311922601,0.9295234803804003,2
0.5823674280979914,0.6222305853262613,0.7807553158587361,0.5269895471834665,0.427293385392682,0.4127335630024131,0.7751391959114773,0.03936986844457497,0.06383675911789544,0.7121571878941098,1.0236506466388984,0.11456411154814854,53.78558969613039,8.198033109012371,1.7928529898710128,0.8826401600275413,16.89117841426495,25.951570340581416,32.131988302055,18.31978032178242,61.44719213583006,47.85808364259972,-0.6471606673266065,0.7623536388483899,0
0.07002237741779031,0.04340696448572695,1.9215542482180341,0.03806863066557711,0.01657984319151462,-0.05315104818949186,0.1622742805889691,0.03184604427210505,0.04129867956142411,1.8462581968797722,2.0309734920526505,0.10286539122898626,7.24517783322568,1.3438814497421312,0.24150592777418936,27.10816494638126,16.432828577188857,35.96727600468386,44.81864308012554,28.767174662319412,21.265520222763573,14.664175265347376,0.998195433059714,-0.06004895851494825,2
0.741267241406564,0.49507660154688327,0.77618726471884,0.699113460676002,0.5528537784669482,0.5987696942284533,0.9317580952508082,0.06518153963149631,0.04078505669960274,0.6525253586174704,0.9805897599808382,0.12821685335653843,59.21164950225545,20.4553500860934,1.9737216500751815,4.395591537810823,5.771600727837047,27.5186569889078,35.68407874238598,22.270521920456126,78.71133267405392,71.16540624540008,0.1028209971373604,0.9946998756145891,0
0.08504135834568259,0.08899146223281201,1.9811881514751026,0.09326993746914058,0.11039585345407477,-0.03989101599445481,0.2291389200993773,0.07613243641624229,0.03683693981465698,1.9163218412030334,2.065054522956491,0.11005333914049378,9.232364395000788,2.0256675804114312,0.3077454798333596,15.53373218690194,9.721885179005032,35.65919435413576,40.00313800575129,28.379972644764187,16.57324116628517,9.268962863719905,-0.980575394063143,0.19614254142819676,2
0.490470902965611,0.2881905920083958,1.4933013188334987,0.4321045739365147,0.410128908082182,0.3658828199769793,0.6821022287175271,0.07027966695954557,0.06554383473078362,1.4278190084365485,1.6154625811090992,0.1929974558301441,27.00678388748608,4.681297151948869,0.9002261295828693,9.47201032216438,10.08281263603376,31.083774119110963,37.789508468543694,24.933410605233718,50.86126056741312,44.76412292523886,-0.9893724130196829,0.14540367380368996,1
0.3355638099442039,0.22826253626578671,1.286916733688988,0.35160445964794224,0.22900170785695814,0.17166718167167305,0.3892785415806266,0.078831599426936,0.08373158952121106,1.2110994946604956,1.3780410312288562,0.13964486598033507,18.869951178148575,3.0176580924955134,0.6289983726049525,5.460630636819774,13.032903152045648,28.180665750042273,35.37284741334349,18.36709978697626,42.749025918450776,25.933873313414466,-0.5074150932938452,-0.8617017599480683,1
0.11240617610264585,0.042320345737631104,2.453237178781233,0.07681672037999393,0.08633752012245344,-0.0836608990441935,0.2886957772745339,0.10116957573588306,0.0597239850881465,2.29721406577417,2.5222464705135703,0.10890486700384122,9.896454606796256,2.4937729496858654,0.3298818202265419,29.117033772756706,4.231179318631641,40.69929562396994,46.351227877923826,34.090813292131,19.218546722130238,13.315241255451694,-0.10282099713736044,-0.9946998756145891,2
0.818827389977048,0.5627933904122729,0.853177192547368,0.7468786354440736,0.5819648254915814,0.7673617628641705,0.9713145942204948,0.0902538259678371,0.09214095937083389,0.7736866872061112,1.0819751345489421,0.06063983242006602,99.86077523069267,22.403246973172593,3.3286925076897558,4.387304313151902,17.15811640540061,27.267604490669026,32.08926067656563,18.956597242521582,71.62591686365639,66.1755267837155,-0.9970175264485267,0.07717546212664607,0
0.23709020835715494,-0.031928584822966455,2.0123003609154666,0.24592267289095943,0.2432599756259992,0.14311681701915968,0.4124249281428402,0.03373493739471403,0.032243407773105706,1.801764528374283,2.1074392957935526,0.12595546064783136,5.046917438658184,1.3664293955811107,0.16823058128860613,25.464695741695873,7.341977154481336,32.197257464631754,39.35610773012607,25.824966656528883,24.409466393543134,14.158396709418842,0.2546711202412287,0.9670277247913204,2
0.7335558684167138,0.6451666600603647,0.7293468158094725,0.6743645700401737,0.5493712635350636,0.5886625844466216,0.9317033029771224,0.04762001871151915,0.04768797812302285,0.6550465405492889,0.9606343064783547,0.15412258602647466,118.98209034519556,40.7577517180437,3.9660696781731852,0.9028767256366677,11.882673078455003,27.435007913020687,35.38141700217165,22.898130450412076,56.67691193471069,36.69352275421133,-0.6729490241558326,-0.7396888608649671,0
0.4077781012742513,0.20787002397824705,1.374312306163004,0.3552907913223448,0.3866163208314003,0.28605426274087464,0.5634283986678283,0.07007466222882341,0.03705136954511493,1.1443636904812298,1.5210272233037776,0.1432971185140811,27.179285593467537,4.636270196033778,0.9059761864489179,14.954741523468144,6.012655966939464,29.152398997810682,33.39530443580324,20.198817433971215,37.433906134533444,31.864266620989348,-0.40045390565126615,-0.9163169044870049,1
0.6096147044602518,0.4072947899294362,0.8132287330538708,0.5809648904851913,0.4569320187110304,0.5549445920275751,0.7656312869930687,0.06813644282838865,0.06991166690333107,0.7256237861307875,0.9550767085732623,0.09498786672604771,67.86043736186403,23.680840081189647,2.262014578728801,0.5523705656569733,14.808122263305851,27.017604326504866,31.75052271846407,18.392840710266643,55.66330509684549,45.066465820509734,-0.13690605792347504,-0.990584035457797,0
0.6731148769106889,0.660121695574031,0.7531211135782481,0.5900477141814553,0.46152051319901044,0.5331117946927934,0.7440625651241359,0.04726805922468686,0.07898856619102397,0.5909890946950138,0.9627039455014269,0.14106343680781314,49.65086968804806,10.641869401035612,1.655028989601602,4.4189294248171285,6.0473454024324305,20.885053895641658,30.439018245924146,12.519448548913566,55.45976691368667,49.98361043309184,-0.4925480679538642,-0.8702852410301554,0
0.35447717706300336,0.2913549919019356,1.2800470441452763,0.30143944991134397,0.32351587170579327,0.27592663079874624,0.5335970176003276,0.07524751724486511,0.0206213313723175,1.0901401926221714,1.377913501454748,0.12637369483439043,14.06066304919852,3.6828162661542643,0.4686887683066174,10.346609230755238,3.7079483797796655,32.53220558521882,37.554081486561415,26.82192266612728,51.504227425192624,34.23646747397014,0.7101350157125358,0.7040655221348057,1
0.2639109160362367,0.023089398632372415,2.0603989538199428,0.23864285751934136,0.20782722384737812,0.0850109930776739,0.38982338039731335,0.04526071667139982,0.061394604785037055,1.8910957536802167,2.253414227295498,0.15559131236329432,11.647303219735003,3.697623122537353,0.3882434406578334,22.03228437022862,16.95546377920047,37.33478475906293,40.45243571781093,30.013747226694605,33.936851033350315,18.448720870289662,0.9601498736716018,0.2794856348516095,2
0.1743102119701609,-0.07693274885930931,1.891967740274463,0.1376513872552587,0.10852443024735804,0.05422401030883531,0.2968515629829108,0.10232716324383241,0.04018231676614692,1.790237767842603,2.005336729004529,0.14045057606448674,14.99611908387139,4.921206678520365,0.4998706361290463,26.3833327521067,14.18876210094767,33.07853264562309,38.752416933455216,26.02915612750708,25.417480732697715,9.07871201332065,-0.4161246959914751,0.9093075592922355,2
0.6443067943228981,0.5078473453659266,0.44205340305749874,0.5926371369194234,0.4790467074717436,0.592563713336683,0.7625177726679769,0.05467445999038252,0.02784660646273957,0.26358829787645327,0.5494809946744139,0.16608194835952347,53.514805045773166,17.940239758201635,1.7838268348591055,3.8979223678337664,3.878368268185339,26.099669485925524,34.03789529790993,17.468206988902768,79.61005451758881,65.86219245343234,-0.3527520865490943,0.9357168190404939,0
